ID,Title,Year,Authors,DBLP key,DOI,I1,I2,I3,I4,E1,E2,E3,Included,Final decision (arbiter),Main violation criterion (arbiter)
13,Towards code-aware robotic simulation: vision paper.,2018,John-Paul Ore & Carrick Detweiler & Sebastian G. Elbaum,conf/icse/OreDE18,https://doi.org/10.1145/3196558.3196566,TRUE,TRUE,TRUE,TRUE,FALSE,FALSE,FALSE,Yes,Yes,
108,A Hybrid Editor for Fast Robot Mission Prototyping.,2019,Thomas Witte & Matthias Tichy,conf/kbse/WitteT19,https://doi.org/10.1109/ASEW.2019.00026,TRUE,TRUE,TRUE,TRUE,FALSE,FALSE,FALSE,Yes,Yes,
39,Machine learning meets quantitative planning: enabling self-adaptation in autonomous robots.,2019,Pooyan Jamshidi & Javier Cámara & Bradley R. Schmerl & Christian Kästner & David Garlan,conf/icse/JamshidiCSKG19,https://doi.org/10.1109/SEAMS.2019.00015,TRUE,TRUE,TRUE,TRUE,FALSE,FALSE,FALSE,Yes,Yes,
204,Model-Based Adaptation for Robotics Software.,2019,Jonathan Aldrich & David Garlan & Christian Kästner & Claire Le Goues & Anahita Mohseni-Kabir & Ivan Ruchkin & Selva Samuel & Bradley R. Schmerl & Christopher Steven Timperley & Manuela Veloso & Ian Voysey & Joydeep Biswas & Arjun Guha & Jarrett Holtz & Javier Cámara & Pooyan Jamshidi,journals/software/AldrichGKGMRSST19,https://doi.org/10.1109/MS.2018.2885058,TRUE,TRUE,TRUE,TRUE,FALSE,FALSE,FALSE,Yes,Yes,
119,Formal Modeling and Automatic Code Synthesis for Robot System.,2017,Xinxin Li & Rui Wang 0024 & Yu Jiang 0001 & Yong Guan & Xiaojuan Li & Xiaoyu Song,conf/iceccs/LiWJGLS17,https://doi.org/10.1109/ICECCS.2017.17,TRUE,TRUE,TRUE,TRUE,FALSE,FALSE,FALSE,Yes,,
38,A use case in model-based robot development using AADL and ROS.,2018,Gianluca Bardaro & Andrea Semprebon & Matteo Matteucci,conf/icse/BardaroSM18,https://doi.org/10.1145/3196558.3196560,TRUE,TRUE,TRUE,TRUE,FALSE,FALSE,FALSE,Yes,,
31,Towards rapid composition with confidence in robotics software.,2018,Neil A. Ernst & Rick Kazman & Philip Bianco,conf/icse/ErnstKB18,https://doi.org/10.1145/3196558.3196567,TRUE,TRUE,TRUE,TRUE,FALSE,FALSE,FALSE,Yes,,
10,The forgotten case of the dependency bugs: on the example of the robot operating system.,2020,Anders Fischer-Nielsen & Zhoulai Fu & Ting Su & Andrzej Wasowski,conf/icse/Fischer-Nielsen20,https://doi.org/10.1145/3377813.3381364,TRUE,TRUE,TRUE,TRUE,FALSE,FALSE,FALSE,Yes,,
9,Formal Verification of ROS-Based Robotic Applications Using Timed-Automata.,2017,Raju Halder & José Proença & Nuno Macedo & André Santos 0001,conf/icse/HalderPMS17,https://doi.org/10.1109/FormaliSE.2017.9,TRUE,TRUE,TRUE,TRUE,FALSE,FALSE,FALSE,Yes,,
21,How do you architect your robots?: state of the practice and guidelines for ROS-based systems.,2020,Ivano Malavolta & Grace A. Lewis & Bradley R. Schmerl & Patricia Lago & David Garlan,conf/icse/MalavoltaLSLG20,https://doi.org/10.1145/3377813.3381358,TRUE,TRUE,TRUE,TRUE,FALSE,FALSE,FALSE,Yes,,
14,High level synthesis of ROS protocol interpretation and communication circuit for FPGA.,2019,Takeshi Ohkawa & Yuhei Sugata & Harumi Watanabe & Nobuhiko Ogura & Kanemitsu Ootsu & Takashi Yokota,conf/icse/OhkawaSWOOY19,https://doi.org/10.1109/RoSE.2019.00014,TRUE,TRUE,TRUE,TRUE,FALSE,FALSE,FALSE,Yes,,
15,Checking consistency of robot software architectures in ROS.,2018,Thomas Witte & Matthias Tichy,conf/icse/WitteT18,https://doi.org/10.1145/3196558.3196559,TRUE,TRUE,TRUE,TRUE,FALSE,FALSE,FALSE,Yes,,
58,It Takes a Village to Build a Robot: An Empirical Study of The ROS Ecosystem.,2020,Sophia Kolak & Afsoon Afzal & Claire Le Goues & Michael Hilton & Christopher Steven Timperley,conf/icsm/KolakAGHT20,https://doi.org/10.1109/ICSME46990.2020.00048,TRUE,TRUE,TRUE,TRUE,FALSE,FALSE,FALSE,Yes,,
72,Robotic system testing with AMSA framework.,2018,Hamza El Baccouri & Goulven Guillou & Jean-Philippe Babau,conf/models/BaccouriGB18,http://ceur-ws.org/Vol-2245/mdetools_paper_2.pdf,TRUE,TRUE,TRUE,TRUE,FALSE,FALSE,FALSE,Yes,,
67,AC-ROS: assurance case driven adaptation for the robot operating system.,2020,Betty H. C. Cheng & Robert Jared Clark & Jonathon Emil Fleck & Michael Austin Langford & Philip K. McKinley,conf/models/ChengCFLM20,https://doi.org/10.1145/3365438.3410952,TRUE,TRUE,TRUE,TRUE,FALSE,FALSE,FALSE,Yes,,
62,Bootstrapping MDE Development from ROS Manual Code - Part 2: Model Generation.,2019,Nadia Hammoudeh Garcia & Ludovic Delval & Mathias Lüdtke & André Santos 0001 & Björn Kahl & Mirko Bordignon,conf/models/GarciaDLSKB19,https://doi.org/10.1109/MODELS.2019.00-11,TRUE,TRUE,TRUE,TRUE,FALSE,FALSE,FALSE,Yes,,
55,Generating a ROS/JAUS bridge for an autonomous ground vehicle.,2013,Patrick Morley & Alex Warren & Ethan Rabb & Sean Whitsitt & Matt Bunting & Jonathan Sprinkle,conf/oopsla/MorleyWRWBS13,https://doi.org/10.1145/2541928.2541931,TRUE,TRUE,TRUE,TRUE,FALSE,FALSE,FALSE,Yes,,
125,Property-based testing for the robot operating system.,2018,André Santos 0001 & Alcino Cunha & Nuno Macedo,conf/sigsoft/0001CM18,https://doi.org/10.1145/3278186.3278195,TRUE,TRUE,TRUE,TRUE,FALSE,FALSE,FALSE,Yes,,
124,Robotics software engineering: a perspective from the service robotics domain.,2020,Sergio García 0002 & Daniel Strüber 0001 & Davide Brugali & Thorsten Berger & Patrizio Pelliccione,conf/sigsoft/00020BBP20,https://doi.org/10.1145/3368089.3409743,TRUE,TRUE,TRUE,TRUE,FALSE,FALSE,FALSE,Yes,,
212,Real-time control architecture based on Xenomai using ROS packages for a service robot.,2019,Raimarius Delgado & Bum-Jae You & Byoung-Wook Choi,journals/jss/DelgadoYC19,https://doi.org/10.1016/j.jss.2019.01.052,TRUE,TRUE,TRUE,TRUE,FALSE,FALSE,FALSE,Yes,,
215,The Robot Operating System: Package reuse and community dynamics.,2019,Pablo Estefo & Jocelyn Simmonds & Romain Robbes & Johan Fabry,journals/jss/EstefoSRF19,https://doi.org/10.1016/j.jss.2019.02.024,TRUE,TRUE,TRUE,TRUE,FALSE,FALSE,FALSE,Yes,,
137,Runtime Verification on Hierarchical Properties of ROS-Based Robot Swarms.,2020,Chi Hu & Wei Dong 0006 & Yonghui Yang & Hao Shi & Ge Zhou,journals/tr/HuDYSZ20,https://doi.org/10.1109/TR.2019.2923681,TRUE,TRUE,TRUE,TRUE,FALSE,FALSE,FALSE,Yes,,
98,IoT-Based Activity Recognition for Process Assistance in Human-Robot Disaster Response.,2020,Adrian Rebmann & Jana-Rebecca Rehse & Mira Pinter & Marius Schnaubelt & Kevin Daun & Peter Fettke,conf/bpm/RebmannRPSDF20,https://doi.org/10.1007/978-3-030-58638-6_5,TRUE,TRUE,TRUE,TRUE,FALSE,FALSE,FALSE,Yes,,
208,Live programming in practice: A controlled experiment on state machines for robotic behaviors.,2019,Miguel Campusano & Johan Fabry & Alexandre Bergel,journals/infsof/CampusanoFB19,https://doi.org/10.1016/j.infsof.2018.12.008,TRUE,TRUE,TRUE,TRUE,FALSE,FALSE,FALSE,Yes,,
109,Feasible and stressful trajectory generation for mobile robots.,2020,Carl Hildebrandt & Sebastian G. Elbaum & Nicola Bezzo & Matthew B. Dwyer,conf/issta/HildebrandtEBD20,https://doi.org/10.1145/3395363.3397387,TRUE,TRUE,TRUE,TRUE,FALSE,FALSE,FALSE,Yes,,
61,CommonLang: A DSL for Defining Robot Tasks.,2018,Adrian Rutle & Jonas Backer & Kolbein Foldøy & Robin T. Bye,conf/models/RutleBFB18,http://ceur-ws.org/Vol-2245/morse_paper_1.pdf,FALSE,TRUE,TRUE,TRUE,FALSE,FALSE,FALSE,No,No,I1
195,Formal Specification and Verification of Autonomous Robotic Systems: A Survey.,2019,Matt Luckcuck & Marie Farrell & Louise A. Dennis & Clare Dixon & Michael Fisher 0001,journals/csur/LuckcuckFDDF19,https://doi.org/10.1145/3342355,FALSE,TRUE,TRUE,TRUE,FALSE,FALSE,FALSE,No,No,I1
192,A Survey of Ontologies for Simultaneous Localization and Mapping in Mobile Robots.,2020,Maria A. Cornejo Lupa & Regina P. Ticona-Herrera & Yudith Cardinale & Dennis Barrios-Aranibar,journals/csur/LupaTCB20,https://doi.org/10.1145/3408316,FALSE,TRUE,TRUE,TRUE,FALSE,FALSE,FALSE,No,No,I1
132,EUD-MARS: End-user development of model-driven adaptive robotics software systems.,2020,Pierre A. Akiki & Paul A. Akiki & Arosha K. Bandara & Yijun Yu,journals/scp/AkikiABY20,https://doi.org/10.1016/j.scico.2020.102534,FALSE,TRUE,TRUE,TRUE,FALSE,FALSE,FALSE,No,,
43,Engineering the software of robotic systems.,2017,Federico Ciccozzi & Davide Di Ruscio & Ivano Malavolta & Patrizio Pelliccione & Jana Tumova,conf/icse/CiccozziRMPT17,https://doi.org/10.1109/ICSE-C.2017.167,TRUE,TRUE,TRUE,TRUE,TRUE,FALSE,TRUE,No,,
77,Motion Session Types for Robotic Interactions (Brave New Idea Paper).,2019,Rupak Majumdar & Marcus Pirron & Nobuko Yoshida & Damien Zufferey,conf/ecoop/MajumdarPYZ19,https://doi.org/10.4230/LIPIcs.ECOOP.2019.28,FALSE,TRUE,TRUE,TRUE,TRUE,FALSE,FALSE,No,,
111,Temporal Logic Semantics for Teleo-Reactive Robotic Agent Programs.,2019,Keith Clark & Brijesh Dongol & Peter Robinson 0007,conf/fm/ClarkDR19,https://doi.org/10.1007/978-3-030-54994-7_19,FALSE,TRUE,TRUE,TRUE,TRUE,FALSE,FALSE,No,,
120,An Interaction-Driven Approach to Identifying Functional Behaviors of Service Robot Systems.,2012,Youngdo Cho & Hwangwook Kim & Dae-Kyoo Kim & Sooyong Park,conf/iceccs/ChoKKP12,http://doi.ieeecomputersociety.org/10.1109/ICECCS.2012.9,FALSE,TRUE,TRUE,TRUE,FALSE,FALSE,FALSE,No,,
24,Using physical quantities in robot software models.,2018,Loli Burgueño & Tanja Mayerhofer & Manuel Wimmer & Antonio Vallecillo,conf/icse/BurguenoMWV18,https://doi.org/10.1145/3196558.3196562,FALSE,TRUE,TRUE,TRUE,FALSE,FALSE,FALSE,No,,
3,Software architecture and task plan co-adaptation for mobile service robots.,2020,Javier Cámara & Bradley R. Schmerl & David Garlan,conf/icse/CamaraSG20,https://doi.org/10.1145/3387939.3391591,FALSE,TRUE,TRUE,TRUE,TRUE,FALSE,FALSE,No,,
12,Live programming the behavioral layer of robots.,2017,Miguel Campusano,conf/icse/Campusano17,https://doi.org/10.1109/ICSE-C.2017.158,FALSE,TRUE,TRUE,TRUE,TRUE,FALSE,FALSE,No,,
46,Formal verification of complex robotic systems on resource-constrained platforms.,2018,Mohammed Foughali & Bernard Berthomieu & Silvano Dal-Zilio & Pierre-Emmanuel Hladik & Félix Ingrand & Anthony Mallet,conf/icse/FoughaliBDHIM18,https://doi.org/10.1145/3193992.3193996,FALSE,TRUE,TRUE,TRUE,TRUE,FALSE,FALSE,No,,
33,Effective engineering of multi-robot software applications.,2018,Sergio García 0002,conf/icse/Garcia18,https://doi.org/10.1145/3183440.3183445,TRUE,TRUE,TRUE,TRUE,TRUE,FALSE,FALSE,No,,
37,Towards systematic engineering of collaborative heterogeneous robotic systems.,2019,Simos Gerasimou & Nicholas Matragkas & Radu Calinescu,conf/icse/GerasimouMC19,https://doi.org/10.1109/RoSE.2019.00012,FALSE,TRUE,TRUE,TRUE,TRUE,FALSE,TRUE,No,,
25,Adaptive Run-Time Models for Groups of Autonomous Robots.,2015,Stefan Niemczyk & Kurt Geihs,conf/icse/NiemczykG15,https://doi.org/10.1109/SEAMS.2015.21,FALSE,TRUE,TRUE,TRUE,TRUE,FALSE,FALSE,No,,
35,Model-driven software development approaches in robotics research.,2014,Arunkumar Ramaswamy & Bruno Monsuez & Adriana Tapus,conf/icse/RamaswamyMT14,https://doi.org/10.1145/2593770.2593781,FALSE,TRUE,TRUE,TRUE,FALSE,FALSE,FALSE,No,,
16,Concurrent Software Engineering and Robotics Education.,2015,Jiwon Shin & Andrey Rusakov & Bertrand Meyer 0001,conf/icse/ShinRM15,https://doi.org/10.1109/ICSE.2015.169,TRUE,FALSE,TRUE,TRUE,FALSE,FALSE,FALSE,No,,
88,A Study on Challenges of Testing Robotic Systems.,2020,Afsoon Afzal & Claire Le Goues & Michael Hilton & Christopher Steven Timperley,conf/icst/AfzalGHT20,https://doi.org/10.1109/ICST46399.2020.00020,FALSE,TRUE,TRUE,TRUE,FALSE,FALSE,FALSE,No,,
86,Crashing Simulated Planes is Cheap: Can Simulation Detect Robotics Bugs Early?,2018,Christopher Steven Timperley & Afsoon Afzal & Deborah S. Katz & Jam Marcos Hernandez & Claire Le Goues,conf/icst/TimperleyAKHG18,http://doi.ieeecomputersociety.org/10.1109/ICST.2018.00040,FALSE,TRUE,TRUE,TRUE,FALSE,FALSE,FALSE,No,,
82,Robotics Software Engineering and Certification: Issues and Challenges.,2018,Roberto Pietrantuono & Stefano Russo,conf/issre/PietrantuonoR18a,https://doi.org/10.1109/ISSREW.2018.00023,FALSE,TRUE,TRUE,TRUE,FALSE,FALSE,FALSE,No,,
68,Executing Robot Task Models in Dynamic Environments.,2017,Kai Adam & Arvid Butting & Oliver Kautz & Bernhard Rumpe & Andreas Wortmann 0001,conf/models/AdamBKRW17,http://ceur-ws.org/Vol-2019/exe_3.pdf,FALSE,TRUE,TRUE,TRUE,FALSE,FALSE,FALSE,No,,
75,A Domain-Specific Language for the Development of Heterogeneous Multi-robot Systems.,2019,Daneil Steen Losvik & Adrian Rutle,conf/models/LosvikR19,https://doi.org/10.1109/MODELS-C.2019.00085,TRUE,TRUE,TRUE,TRUE,TRUE,FALSE,FALSE,No,,
71,Addressing Multi-Domain Integration Challenge in Robotics using Model-Based Approach.,2014,Arunkumar Ramaswamy & Bruno Monsuez & Adriana Tapus,conf/models/RamaswamyMT14,http://ceur-ws.org/Vol-1258/poster5.pdf,FALSE,TRUE,TRUE,TRUE,FALSE,FALSE,FALSE,No,,
66,Modern C++ as a modeling language for automated driving and human-robot collaboration.,2016,Daniel Tuchscherer & Alexander Weibert & Frank Tränkle,conf/models/TuchschererWT16,http://dl.acm.org/citation.cfm?id=2976772,FALSE,TRUE,TRUE,TRUE,TRUE,FALSE,FALSE,No,,
63,Design-Time Safety Assessment of Robotic Systems Using Fault Injection Simulation in a Model-Driven Approach.,2019,Garazi Juez Uriagereka & Estibaliz Amparan Calonge & Cristina Martinez Martinez & Jabier Martinez & Aurélien Ibanez & Matteo Morelli & Ansgar Radermacher & Huáscar Espinoza,conf/models/UriagerekaCMMIM19,https://doi.org/10.1109/MODELS-C.2019.00088,FALSE,TRUE,TRUE,TRUE,TRUE,FALSE,FALSE,No,,
107,Robots at the Edge of the Cloud.,2016,Rupak Majumdar,conf/tacas/Majumdar16,https://doi.org/10.1007/978-3-662-49674-9_1,FALSE,TRUE,TRUE,TRUE,FALSE,FALSE,FALSE,No,,
193,On Fault Detection and Diagnosis in Robotic Systems.,2018,Eliahu Khalastchi & Meir Kalech,journals/csur/KhalastchiK18,https://doi.org/10.1145/3146389,FALSE,TRUE,TRUE,TRUE,TRUE,FALSE,FALSE,No,,
191,Multi-Robot Assembly Strategies and Metrics.,2018,Jeremy A. Marvel & Roger Bostelman & Joe Falco,journals/csur/MarvelBF18,https://doi.org/10.1145/3150225,FALSE,FALSE,TRUE,TRUE,TRUE,FALSE,FALSE,No,,
217,Software architectures for robotic systems: A systematic mapping study.,2016,Aakash Ahmad & Muhammad Ali Babar,journals/jss/AhmadB16,https://doi.org/10.1016/j.jss.2016.08.039,FALSE,TRUE,TRUE,TRUE,FALSE,FALSE,FALSE,No,,
223,Koord: a language for programming and verifying distributed robotics application.,2020,Ritwika Ghosh & Chiao Hsieh & Sasa Misailovic & Sayan Mitra,journals/pacmpl/GhoshHMM20,https://doi.org/10.1145/3428300,FALSE,TRUE,TRUE,TRUE,TRUE,FALSE,FALSE,No,,
224,Multiparty motion coordination: from choreographies to robotics programs.,2020,Rupak Majumdar & Nobuko Yoshida & Damien Zufferey,journals/pacmpl/MajumdarYZ20,https://doi.org/10.1145/3428202,FALSE,TRUE,TRUE,TRUE,TRUE,FALSE,FALSE,No,,
133,Live Robot Programming: The language; its implementation; and robot API independence.,2017,Miguel Campusano & Johan Fabry,journals/scp/CampusanoF17,https://doi.org/10.1016/j.scico.2016.06.002,FALSE,TRUE,TRUE,TRUE,TRUE,FALSE,FALSE,No,,
129,A Python framework for programming autonomous robots using a declarative approach.,2017,Loris Fichera & Fabrizio Messina & Giuseppe Pappalardo & Corrado Santoro,journals/scp/FicheraMPS17,https://doi.org/10.1016/j.scico.2017.01.003,FALSE,TRUE,TRUE,TRUE,TRUE,FALSE,FALSE,No,,
205,Buzz: A Programming Language for Robot Swarms.,2016,Carlo Pinciroli & Giovanni Beltrame,journals/software/PinciroliB16,https://doi.org/10.1109/MS.2016.95,FALSE,TRUE,TRUE,TRUE,TRUE,FALSE,FALSE,No,,
202,Over-the-Air Updates for Robotic Swarms.,2018,Vivek Shankar Varadharajan & David St-Onge & Christian GuB & Giovanni Beltrame,journals/software/VaradharajanSGB18,https://doi.org/10.1109/MS.2018.111095718,FALSE,TRUE,TRUE,TRUE,TRUE,FALSE,FALSE,No,,
126,RoboChart: modelling and verification of the functional behaviour of robotic applications.,2019,Alvaro Miyazawa & Pedro Ribeiro 0002 & Wei Li & Ana Cavalcanti & Jon Timmis & Jim Woodcock,journals/sosym/MiyazawaRLCTW19,https://doi.org/10.1007/s10270-018-00710-z,FALSE,FALSE,TRUE,TRUE,TRUE,FALSE,FALSE,No,,
183,On the suitability of dynamic languages for hot-reprogramming a robotics framework: a Python case study.,2014,Francisco Ortin & Sheila Mendez Nunez & Vicente García-Díaz & Miguel García,journals/spe/OrtinNGG14,https://doi.org/10.1002/spe.2162,FALSE,TRUE,TRUE,TRUE,TRUE,FALSE,FALSE,No,,
187,Porting and refactoring Prolog programs: the PROSYN case study.,2013,Edison Mera & Jan Wielemaker,journals/tplp/MeraW13,http://static.cambridge.org/resource/id/urn:cambridge.org:id:binary:20161018085635834-0697:S1471068413000112:tlp2013003.pdf,FALSE,TRUE,TRUE,TRUE,FALSE,FALSE,FALSE,No,,
185,Human Robot Collaborative Assembly Planning: An Answer Set Programming Approach.,2020,Momina Rizwan & Volkan Patoglu & Esra Erdem 0001,journals/tplp/RizwanP020,https://doi.org/10.1017/S1471068420000319,FALSE,TRUE,TRUE,TRUE,TRUE,FALSE,FALSE,No,,
97,Business Process Management: Blockchain and Robotic Process Automation Forum - BPM 2020 Blockchain and RPA Forum; Seville; Spain; September 13-18; 2020; Proceedings,2020,,conf/bpm/2020bc,https://doi.org/10.1007/978-3-030-58779-6,FALSE,TRUE,TRUE,TRUE,FALSE,FALSE,FALSE,No,,
105,Research Challenges for Intelligent Robotic Process Automation.,2019,Simone Agostinelli & Andrea Marrella & Massimo Mecella,conf/bpm/AgostinelliMM19,https://doi.org/10.1007/978-3-030-37453-2_2,FALSE,TRUE,TRUE,TRUE,FALSE,FALSE,FALSE,No,,
90,Beyond the Hype: RPA Horizon for Robot-Human Interaction.,2020,Rafael Cabello & María José Escalona & José González Enríquez,conf/bpm/CabelloEE20,https://doi.org/10.1007/978-3-030-58779-6_13,FALSE,TRUE,TRUE,TRUE,FALSE,FALSE,FALSE,No,,
92,Minimal Effort Requirements Engineering for Robotic Process Automation with Test Driven Development and Screen Recording.,2017,Christoph Cewe & Daniel Koch & Robert Mertens,conf/bpm/CeweKM17,https://doi.org/10.1007/978-3-319-74030-0_51,FALSE,TRUE,TRUE,TRUE,FALSE,FALSE,FALSE,No,,
94,From Robotic Process Automation to Intelligent Process Automation - - Emerging Trends -.,2020,Tathagata Chakraborti & Vatche Isahagian & Rania Khalaf & Yasaman Khazaeni & Vinod Muthusamy & Yara Rizk & Merve Unuvar,conf/bpm/ChakrabortiIKKM20,https://doi.org/10.1007/978-3-030-58779-6_15,FALSE,TRUE,TRUE,TRUE,FALSE,FALSE,FALSE,No,,
101,RePROSitory: a Repository Platform for Sharing Business PROcess modelS.,2019,Flavio Corradini & Fabrizio Fornari & Andrea Polini & Barbara Re 0001 & Francesco Tiezzi,conf/bpm/CorradiniFP0T19,http://ceur-ws.org/Vol-2420/paperDT7.pdf,FALSE,TRUE,TRUE,TRUE,FALSE,FALSE,FALSE,No,,
93,Process Mining and Robotic Process Automation: A Perfect Match.,2018,Jerome Geyer-Klingeberg & Janina Nakladal & Fabian Baldauf & Fabian Veit,conf/bpm/Geyer-Klingeberg18,http://ceur-ws.org/Vol-2196/BPM_2018_paper_28.pdf,FALSE,TRUE,TRUE,TRUE,FALSE,FALSE,FALSE,No,,
102,A Consolidated Framework for Implementing Robotic Process Automation Projects.,2020,Lukas-Valentin Herm & Christian Janiesch & Alexander Helm & Florian Imgrund & Kevin Fuchs & Adrian Hofmann & Axel Winkelmann,conf/bpm/HermJHIFHW20,https://doi.org/10.1007/978-3-030-58666-9_27,FALSE,TRUE,TRUE,TRUE,FALSE,FALSE,FALSE,No,,
103,Robotic Process Automation: Systematic Literature Review.,2019,Lucija Ivancic & Dalia Susa Vugec & Vesna Bosilj-Vuksic,conf/bpm/IvancicVB19,https://doi.org/10.1007/978-3-030-30429-4_19,FALSE,TRUE,TRUE,TRUE,FALSE,FALSE,FALSE,No,,
106,Integrating Robotic Process Automation into Business Process Management.,2020,Maximilian König & Leon Bein & Adriatik Nikaj & Mathias Weske,conf/bpm/KonigBNW20,https://doi.org/10.1007/978-3-030-58779-6_9,FALSE,TRUE,TRUE,TRUE,FALSE,FALSE,FALSE,No,,
104,Robidium: Automated Synthesis of Robotic Process Automation Scripts from UI Logs.,2020,Volodymyr Leno & Stanislav Deviatykh & Artem Polyvyanyy & Marcello La Rosa & Marlon Dumas & Fabrizio Maria Maggi,conf/bpm/LenoDPRDM20,http://ceur-ws.org/Vol-2673/paperDR08.pdf,FALSE,TRUE,TRUE,TRUE,FALSE,FALSE,FALSE,No,,
91,Action Logger: Enabling Process Mining for Robotic Process Automation.,2019,Volodymyr Leno & Artem Polyvyanyy & Marcello La Rosa & Marlon Dumas & Fabrizio Maria Maggi,conf/bpm/LenoPRDM19,http://ceur-ws.org/Vol-2420/paperDT2.pdf,FALSE,TRUE,TRUE,TRUE,FALSE,FALSE,FALSE,No,,
96,Adding Intelligent Robots to Business Processes: A Dilemma Analysis of Employees' Attitudes.,2020,Amy Van Looy,conf/bpm/Looy20,https://doi.org/10.1007/978-3-030-58666-9_25,FALSE,TRUE,TRUE,TRUE,FALSE,FALSE,FALSE,No,,
95,COREPROSim: A Tool for Modeling; Simulating and Adapting Data-Driven Process Structures.,2008,Dominic Müller & Manfred Reichert & Joachim Herbst & Detlef Köntges & Andreas Neubert,conf/bpm/MullerRHKN08,https://doi.org/10.1007/978-3-540-85758-7_32,FALSE,TRUE,TRUE,TRUE,FALSE,FALSE,FALSE,No,,
100,Is Robotic Process Automation Becoming Intelligent? Early Evidence of Influences of Artificial Intelligence on Robotic Process Automation.,2020,Johannes Viehhauser,conf/bpm/Viehhauser20,https://doi.org/10.1007/978-3-030-58779-6_7,FALSE,TRUE,TRUE,TRUE,FALSE,FALSE,FALSE,No,,
99,A Framework to Evaluate the Viability of Robotic Process Automation for Business Process Activities.,2020,Christian Wellmann & Matthias Stierle & Sebastian Dunzer & Martin Matzner,conf/bpm/WellmannSDM20,https://doi.org/10.1007/978-3-030-58779-6_14,FALSE,TRUE,TRUE,TRUE,FALSE,FALSE,FALSE,No,,
115,Analyzing Unsynthesizable Specifications for High-Level Robot Behavior Using LTLMoP.,2011,Vasumathi Raman & Hadas Kress-Gazit,conf/cav/RamanK11,https://doi.org/10.1007/978-3-642-22110-1_54,FALSE,TRUE,TRUE,TRUE,FALSE,FALSE,FALSE,No,,
48,Enabling heterogeneous recommendations in OSS development: what's done and what's next in CROSSMINER.,2019,Phuong T. Nguyen & Juri Di Rocco & Davide Di Ruscio,conf/ease/NguyenRR19,https://doi.org/10.1145/3319008.3319353,FALSE,TRUE,TRUE,TRUE,FALSE,FALSE,FALSE,No,,
78,A Study of Context-Oriented Programming for Applying to Robot Development.,2015,Harumi Watanabe & Midori Sugaya & Ikuta Tanigawa & Nobuhiko Ogura & Kenji Hisazumi,conf/ecoop/WatanabeSTOH15,https://doi.org/10.1145/2786545.2786551,FALSE,TRUE,TRUE,TRUE,FALSE,FALSE,FALSE,No,,
1,Towards a Process to Design Architectures of Service-Oriented Robotic Systems.,2014,Lucas Bueno Ruas de Oliveira & Elena Leroux & Katia Romero Felizardo & Flávio Oquendo & Elisa Yumi Nakagawa,conf/ecsa/OliveiraLFON14,https://doi.org/10.1007/978-3-319-09970-5_20,TRUE,TRUE,TRUE,TRUE,TRUE,FALSE,FALSE,No,,
2,Experiences Using a Component-Oriented Architectural Framework for Robots and Its Improvement with a MDE Approach.,2007,Francisco J. Ortiz & Juan A. Pastor & Diego Alonso & Bárbara Álvarez & Pedro Sánchez,conf/ecsa/OrtizPAAS07,https://doi.org/10.1007/978-3-540-75132-8_37,FALSE,TRUE,TRUE,TRUE,FALSE,FALSE,FALSE,No,,
112,Multi-robot LTL Planning Under Uncertainty.,2018,Claudio Menghi & Sergio García 0002 & Patrizio Pelliccione & Jana Tumova,conf/fm/MenghiGPT18,https://doi.org/10.1007/978-3-319-95582-7_24,FALSE,TRUE,TRUE,TRUE,FALSE,FALSE,FALSE,No,,
117,A New Approach for Analyzing Convergence Algorithms for Mobile Robots.,2011,Andreas Cord-Landwehr & Bastian Degener & Matthias Fischer 0001 & Martina Hüllmann & Barbara Kempkes & Alexander Klaas & Peter Kling & Sven Kurras & Marcus Märtens & Friedhelm Meyer auf der Heide & Christoph Raupach & Kamil Swierkot & Daniel Warner & Christoph Weddemann & Daniel Wonisch,conf/icalp/Cord-LandwehrDFHKKKKMHRSWWW11,https://doi.org/10.1007/978-3-642-22012-8_52,FALSE,TRUE,TRUE,TRUE,FALSE,FALSE,FALSE,No,,
116,Localization for a System of Colliding Robots.,2013,Jurek Czyzowicz & Evangelos Kranakis & Eduardo Pacheco,conf/icalp/CzyzowiczKP13,https://doi.org/10.1007/978-3-642-39212-2_45,FALSE,TRUE,TRUE,TRUE,FALSE,FALSE,FALSE,No,,
121,Towards Self-Healing Swarm Robotic Systems Inspired by Granuloma Formation.,2010,Amelia Ritahani Ismail & Jon Timmis,conf/iceccs/IsmailT10,https://doi.org/10.1109/ICECCS.2010.63,FALSE,TRUE,TRUE,TRUE,FALSE,FALSE,FALSE,No,,
118,A Formal Framework for Reasoning Emergent Behaviors in Swarm Robotic Systems.,2015,Qin Li 0002 & Jinxun Wang & Qiwen Xu & Yanhong Huang & Huibiao Zhu,conf/iceccs/LiWXHZ15,https://doi.org/10.1109/ICECCS.2015.34,FALSE,TRUE,TRUE,TRUE,FALSE,FALSE,FALSE,No,,
50,Using scheme to control simulated modular robots.,2012,Ulrik Pagh Schultz,conf/icfp/Schultz12,https://doi.org/10.1145/2661103.2661114,FALSE,TRUE,TRUE,TRUE,FALSE,FALSE,FALSE,No,,
49,A robot in every classroom: robots and functional programming across the curriculum.,2008,David Wakeling,conf/icfp/Wakeling08,https://doi.org/10.1145/1411260.1411268,FALSE,TRUE,TRUE,TRUE,FALSE,FALSE,FALSE,No,,
40,MAPmAKER: performing multi-robot LTL planning under uncertainty.,2019,Sergio García 0002 & Claudio Menghi & Patrizio Pelliccione,conf/icse/0002MP19,https://doi.org/10.1109/RoSE.2019.00008,FALSE,TRUE,TRUE,TRUE,FALSE,FALSE,FALSE,No,,
20,PROMISE: high-level mission specification for multiple robots.,2020,Sergio García 0002 & Patrizio Pelliccione & Claudio Menghi & Thorsten Berger & Tomás Bures,conf/icse/0002PMBB20,https://doi.org/10.1145/3377812.3382143,TRUE,TRUE,TRUE,TRUE,TRUE,FALSE,FALSE,No,,
41,Proceedings of the 1st International Workshop on Robotics Software Engineering; RoSE@ICSE 2018; Gothenburg; Sweden; May 28; 2018,2018,,conf/icse/2018rose,http://dl.acm.org/citation.cfm?id=3196558,FALSE,TRUE,TRUE,TRUE,FALSE,FALSE,FALSE,No,,
29,Proceedings of the 2nd International Workshop on Robotics Software Engineering; RoSE@ICSE 2019; Montreal; QC; Canada; May 27; 2019,2019,,conf/icse/2019rose,https://ieeexplore.ieee.org/xpl/conhome/8821357/proceeding,FALSE,TRUE,TRUE,TRUE,FALSE,FALSE,FALSE,No,,
22,Mind the gap: Robotic Mission Planning Meets Software Engineering.,2020,Mehrnoosh Askarpour & Claudio Menghi & Gabriele Belli & Marcello M. Bersani & Patrizio Pelliccione,conf/icse/AskarpourMBBP20,https://doi.org/10.1145/3372020.3391561,TRUE,TRUE,TRUE,TRUE,TRUE,FALSE,FALSE,No,,
47,Engineering safety in swarm robotics.,2018,Giovanni Beltrame & Ettore Merlo & Jacopo Panerati & Carlo Pinciroli,conf/icse/BeltrameMPP18,https://doi.org/10.1145/3196558.3196565,FALSE,TRUE,TRUE,TRUE,FALSE,FALSE,FALSE,No,,
30,Designing control software for robot swarms: software engineering for the development of automatic design methods.,2018,Darko Bozhinoski & Mauro Birattari,conf/icse/BozhinoskiB18,https://doi.org/10.1145/3196558.3196564,FALSE,TRUE,TRUE,TRUE,FALSE,FALSE,FALSE,No,,
18,Robots and their Variability - A Societal Challenge and a Potential Solution.,2015,Thomas Buchmann & Johannes Baumgartl & Dominik Henrich & Bernhard Westfechtel,conf/icse/BuchmannBHW15,https://doi.org/10.1109/PLEASE.2015.15,FALSE,TRUE,TRUE,TRUE,FALSE,FALSE,FALSE,No,,
36,Towards a method for automated testing in robotic process automation projects.,2019,Jesús Chacón-Montero & Andrés Jiménez-Ramírez & José Gonzalez Enríquez,conf/icse/Chacon-MonteroJ19,https://doi.org/10.1109/AST.2019.00012,FALSE,TRUE,TRUE,TRUE,FALSE,FALSE,FALSE,No,,
5,Architecture-driven self-adaptation and self-management in robotics systems.,2009,George Edwards & Joshua Garcia & Hossein Tajalli & Daniel Popescu 0001 & Nenad Medvidovic & Gaurav S. Sukhatme & Brad Petrus,conf/icse/EdwardsGTPMSP09,https://doi.org/10.1109/SEAMS.2009.5069083,FALSE,TRUE,TRUE,TRUE,FALSE,FALSE,FALSE,No,,
8,Evolving robot software and hardware.,2020,A. E. Eiben,conf/icse/Eiben20,https://doi.org/10.1145/3387939.3391593,FALSE,TRUE,TRUE,TRUE,FALSE,FALSE,FALSE,No,,
42,Policy-based self-adaptive architectures: a feasibility study in the robotics domain.,2008,John C. Georgas & Richard N. Taylor,conf/icse/GeorgasT08,https://doi.org/10.1145/1370018.1370038,FALSE,TRUE,TRUE,TRUE,FALSE,FALSE,FALSE,No,,
7,Poster: Model-based Run-time Variability Resolution for Robotic Applications.,2015,Luca Gherardi & Nico Hochgeschwender,conf/icse/GherardiH15,https://doi.org/10.1109/ICSE.2015.269,FALSE,TRUE,TRUE,TRUE,FALSE,FALSE,FALSE,No,,
27,Exposing off-nominal behaviors in multi-robot coordination.,2019,Kaushik Madala & Hyunsook Do & Daniel Aceituna,conf/icse/MadalaDA19,https://doi.org/10.1109/RoSE.2019.00006,FALSE,TRUE,TRUE,TRUE,FALSE,FALSE,FALSE,No,,
11,Towards Executing Dynamically Updating Finite-State Controllers on a Robot System.,2015,Valerio Panzica La Manna & Joel Greenyer & Donato Clun & Carlo Ghezzi,conf/icse/MannaGCG15,https://doi.org/10.1109/MiSE.2015.15,FALSE,TRUE,TRUE,TRUE,FALSE,FALSE,FALSE,No,,
4,On the software engineering challenges of applying reactive synthesis to robotics.,2018,Shahar Maoz & Jan Oliver Ringert,conf/icse/MaozR18,https://doi.org/10.1145/3196558.3196561,FALSE,TRUE,TRUE,TRUE,FALSE,FALSE,FALSE,No,,
45,Towards multi-robot applications planning under uncertainty.,2018,Claudio Menghi & Sergio García 0002 & Patrizio Pelliccione & Jana Tumova,conf/icse/MenghiGPT18,https://doi.org/10.1145/3183440.3195046,FALSE,TRUE,TRUE,TRUE,FALSE,FALSE,FALSE,No,,
19,PsALM: specification of dependable robotic missions.,2019,Claudio Menghi & Christos Tsigkanos & Thorsten Berger & Patrizio Pelliccione,conf/icse/MenghiTBP19,https://doi.org/10.1109/ICSE-Companion.2019.00048,FALSE,TRUE,TRUE,TRUE,FALSE,FALSE,FALSE,No,,
34,Property specification patterns for robotic missions.,2018,Claudio Menghi & Christos Tsigkanos & Thorsten Berger & Patrizio Pelliccione & Carlo Ghezzi,conf/icse/MenghiTBPG18,https://doi.org/10.1145/3183440.3195044,FALSE,TRUE,TRUE,TRUE,FALSE,FALSE,FALSE,No,,
32,Robot on!: a serious game for improving programming comprehension.,2016,Michael A. Miljanovic & Jeremy S. Bradbury,conf/icse/MiljanovicB16,https://doi.org/10.1145/2896958.2896962,FALSE,TRUE,TRUE,TRUE,FALSE,FALSE,FALSE,No,,
44,RoScript: a visual script driven truly non-intrusive robotic testing system for touch screen applications.,2020,Ju Qian & Zhengyu Shang & Shuoyan Yan & Yan Wang & Lin Chen,conf/icse/QianSYWC20,https://doi.org/10.1145/3377811.3380431,FALSE,TRUE,TRUE,TRUE,FALSE,FALSE,FALSE,No,,
26,Novice-friendly multi-armed robotics programming.,2019,Nico Ritschel & Reid Holmes & Ronald Garcia & David C. Shepherd,conf/icse/RitschelHGS19,https://doi.org/10.1109/RoSE.2019.00013,FALSE,TRUE,TRUE,TRUE,FALSE,FALSE,FALSE,No,,
17,A Preliminary Systematic Mapping on Software Engineering for Robotic Systems: A Software Quality Perspective.,2020,Marcela G. dos Santos & Bianca Minetto Napoleão & Fábio Petrillo & Darine Ameyed & Fehmi Jaafar,conf/icse/SantosNPAJ20,https://doi.org/10.1145/3387940.3392197,FALSE,TRUE,TRUE,TRUE,FALSE,FALSE,FALSE,No,,
28,"Visualizing the ""hidden"" variables in robot programs.",2019,David C. Shepherd & Nicholas A. Kraft & Patrick Francis,conf/icse/ShepherdKF19,https://doi.org/10.1109/RoSE.2019.00007,FALSE,TRUE,TRUE,TRUE,FALSE,FALSE,FALSE,No,,
6,Multidisciplinary skill assessment for embedded software development education via a robot contest.,2018,Harumi Watanabe & Mikiko Sato & Masafumi Miwa & Makoto Imamura & Shintaro Hosoai & Nobuhiko Ogura & Hiroyuki Nakamura & Kenji Hisazumi,conf/icse/WatanabeSMIHONH18,https://doi.org/10.1145/3183440.3195059,FALSE,TRUE,TRUE,TRUE,FALSE,FALSE,FALSE,No,,
23,Runtime models for automatic reorganization of multi-robot systems.,2011,Christopher Zhong & Scott A. DeLoach,conf/icse/ZhongD11,https://doi.org/10.1145/1988008.1988012,FALSE,TRUE,TRUE,TRUE,FALSE,FALSE,FALSE,No,,
87,Test Generation for Robotized Paint Systems Using Constraint Programming in a Continuous Integration Environment.,2013,Morten Mossige & Arnaud Gotlieb & Hein Meling,conf/icst/MossigeGM13,https://doi.org/10.1109/ICST.2013.71,FALSE,TRUE,TRUE,TRUE,FALSE,FALSE,FALSE,No,,
110,RoboX: An End-to-End Solution to Accelerate Autonomous Control in Robotics.,2018,Jacob Sacks & Divya Mahajan & Richard Connor Lawson & Hadi Esmaeilzadeh,conf/isca/SacksMLE18,https://doi.org/10.1109/ISCA.2018.00047,FALSE,TRUE,TRUE,TRUE,FALSE,FALSE,FALSE,No,,
79,Safety Critical Robot Programming and Testing for Operations in Industrial Co-Production.,2014,Linn Gustavsson Christiernin & Svante Augustsson & Stefan Christiernin,conf/issre/ChristierninAC14,https://doi.org/10.1109/ISSREW.2014.46,FALSE,TRUE,TRUE,TRUE,FALSE,FALSE,FALSE,No,,
80,A Static Analyzer for Industrial Robotic Applications.,2017,Avijit Mandal & Raoul Jetley & Meenakshi D'Souza & Sreeja Nair,conf/issre/MandalJDN17,https://doi.org/10.1109/ISSREW.2017.13,FALSE,TRUE,TRUE,TRUE,FALSE,FALSE,FALSE,No,,
85,Auto-Encoding Robot State Against Sensor Spoofing Attacks.,2019,Sean Rivera & Sofiane Lagraa & Antonio Ken Iannillo & Radu State,conf/issre/RiveraLIS19,https://doi.org/10.1109/ISSREW.2019.00080,TRUE,TRUE,TRUE,TRUE,TRUE,FALSE,FALSE,No,,
84,First Insights into Testing Autonomous Robot in Virtual Worlds.,2017,Clément Robert,conf/issre/Robert17,https://doi.org/10.1109/ISSREW.2017.59,TRUE,TRUE,TRUE,TRUE,TRUE,FALSE,FALSE,No,,
81,Simulation-Based Testing to Improve Safety of Autonomous Robots.,2019,Luca Vittorio Sartori,conf/issre/Sartori19,https://doi.org/10.1109/ISSREW.2019.00053,FALSE,TRUE,TRUE,TRUE,FALSE,FALSE,FALSE,No,,
83,Event Based Robot Prognostics Using Principal Component Analysis.,2014,Sathish Vallachira & Sithu D. Sudarsan & Srini Ramaswamy,conf/issre/SathishSR14,https://doi.org/10.1109/ISSREW.2014.52,FALSE,TRUE,TRUE,TRUE,FALSE,FALSE,FALSE,No,,
59,A Model-Driven Approach to Support Engineering Changes in Industrial Robotics Software.,2012,Yu Sun 0002 & Jeff Gray & Karlheinz Bulheller & Nicolaus von Baillou,conf/models/0002GBB12,https://doi.org/10.1007/978-3-642-33666-9_24,FALSE,TRUE,TRUE,TRUE,FALSE,FALSE,FALSE,No,,
65,Continuous Integration for Testing Full Robotic Behaviours in a GUI-stripped Simulation.,2018,Vladimir Estivill-Castro & René Hexel & Carl Lusty,conf/models/Estivill-Castro18,http://ceur-ws.org/Vol-2245/morse_paper_3.pdf,TRUE,TRUE,TRUE,TRUE,TRUE,FALSE,FALSE,No,,
69,Scenarios@run.time - Distributed Execution of Specifications on IoT-connected Robots.,2015,Joel Greenyer & Daniel Gritzner & Timo Gutjahr & Tim Duente & Stefan Dulle & Falk-David Deppe & Nils Glade & Marius Hilbich & Florian Koenig & Jannis Luennemann & Nils Prenner & Kevin Raetz & Thilo Schnelle & Martin Singer & Nicolas Tempelmeier & Raphael Voges,conf/models/GreenyerGGDDDGH15,http://ceur-ws.org/Vol-1474/MRT15_paper_3.pdf,FALSE,TRUE,TRUE,TRUE,FALSE,FALSE,FALSE,No,,
60,A Scenario-based MDE Process for Developing Reactive Systems: A Cleaning Robot Example.,2017,Joel Greenyer & Daniel Gritzner & Jianwei Shi & Eric Wete,conf/models/GreenyerGSW17,http://ceur-ws.org/Vol-2019/mdetools_4.pdf,FALSE,TRUE,TRUE,TRUE,FALSE,FALSE,FALSE,No,,
76,Towards the use of Quality-of-Service Metrics in Reinforcement Learning: A Robotics Example.,2018,Juan Francisco Inglés-Romero & Juan Manuel Espín & Rubén Jiménez-Andreu & Roberto Font & Cristina Vicente-Chicote,conf/models/Ingles-RomeroEJ18,http://ceur-ws.org/Vol-2245/morse_paper_4.pdf,FALSE,TRUE,TRUE,TRUE,FALSE,FALSE,FALSE,No,,
64,Integrating Ontological Domain Knowledge into a Robotic DSL.,2010,Gaëlle Lortal & Saadia Dhouib & Sébastien Gérard,conf/models/LortalDG10,https://doi.org/10.1007/978-3-642-21210-9_39,FALSE,TRUE,TRUE,TRUE,FALSE,FALSE,FALSE,No,,
70,First International Workshop on Model Based Engineering for Robotics (RoSym'10).,2010,Laurent Rioux & Davide Brugali & Sébastien Gérard,conf/models/RiouxBG10,https://doi.org/10.1007/978-3-642-21210-9_38,FALSE,TRUE,TRUE,TRUE,FALSE,FALSE,TRUE,No,,
73,A Matlab-Internal DSL for Modelling Hybrid Rigid-Continuum Robots with TMTDyn.,2019,S. M. Hadi Sadati & Steffen Zschaler & Christos Bergeles,conf/models/SadatiZB19,https://doi.org/10.1109/MODELS-C.2019.00086,FALSE,TRUE,TRUE,TRUE,FALSE,FALSE,FALSE,No,,
74,Supporting robotic software migration using static analysis and model-driven engineering.,2020,Sophie Wood & Nicholas Matragkas & Dimitris S. Kolovos & Richard F. Paige & Simos Gerasimou,conf/models/WoodMKPG20,https://doi.org/10.1145/3365438.3410965,FALSE,TRUE,TRUE,TRUE,FALSE,FALSE,FALSE,No,,
52,Model-driven separation of concerns for service robotics.,2016,Kai Adam & Arvid Butting & Robert Heim & Oliver Kautz & Bernhard Rumpe & Andreas Wortmann 0001,conf/oopsla/AdamBHKRW16,https://doi.org/10.1145/3023147.3023151,FALSE,TRUE,TRUE,TRUE,FALSE,FALSE,FALSE,No,,
54,A graphical language for flexible inference in robotics and vision (invited talk).,2019,Frank Dellaert,conf/oopsla/Dellaert19,https://doi.org/10.1145/3359061.3365207,FALSE,FALSE,TRUE,TRUE,FALSE,FALSE,TRUE,No,,
57,End-user software engineering of cognitive robot applications using procedural parameters and complex event processing.,2016,Floris Erich,conf/oopsla/Erich16,https://doi.org/10.1145/2984043.2998538,FALSE,TRUE,TRUE,TRUE,FALSE,FALSE,FALSE,No,,
53,Tᴏᴏʟ: accessible automated reasoning for human robot collaboration.,2018,Ivan Gavran & Ortwin Mailahn & Rainer Müller & Richard Peifer & Damien Zufferey,conf/oopsla/GavranMMPZ18,https://doi.org/10.1145/3276954.3276961,FALSE,TRUE,TRUE,TRUE,FALSE,FALSE,FALSE,No,,
56,Programming language abstractions for self-reconfigurable robots.,2012,Ulrik Pagh Schultz,conf/oopsla/Schultz12,https://doi.org/10.1145/2384716.2384743,FALSE,TRUE,TRUE,TRUE,FALSE,FALSE,FALSE,No,,
89,Optimization of x10 programs with ROSE compiler infrastructure.,2015,Michihiro Horie & Mikio Takeuchi & Kiyokuni Kawachiya & David Grove,conf/pldi/HorieTKG15,https://doi.org/10.1145/2771774.2771777,FALSE,TRUE,TRUE,TRUE,FALSE,FALSE,FALSE,No,,
51,Data center asset tracking using a mobile robot.,2013,John C. Nelson & Jonathan Connell & Canturk Isci & Jonathan Lenchner,conf/sigmetrics/NelsonCIL13,https://doi.org/10.1145/2465529.2466584,FALSE,TRUE,TRUE,TRUE,FALSE,FALSE,FALSE,No,,
123,Robust degradation and enhancement of robot mission behaviour in unpredictable environments.,2015,Nicolás D'Ippolito & Víctor A. Braberman & Daniel Sykes & Sebastián Uchitel,conf/sigsoft/DIppolitoBSU15,https://doi.org/10.1145/2804337.2804342,FALSE,TRUE,TRUE,TRUE,FALSE,FALSE,FALSE,No,,
122,Modeling and testing a family of surgical robots: an experience report.,2018,Niloofar Mansoor & Jonathan A. Saddler & Bruno Silva & Hamid Bagheri & Myra B. Cohen & Shane Farritor,conf/sigsoft/MansoorSSBCF18,https://doi.org/10.1145/3236024.3275534,FALSE,TRUE,TRUE,TRUE,FALSE,FALSE,FALSE,No,,
114,The cost-benefit analysis of usage data in robotstudio (keynote).,2018,David C. Shepherd,conf/wcre/Shepherd18,https://doi.org/10.1109/MAINT.2018.8323086,FALSE,TRUE,TRUE,TRUE,FALSE,FALSE,FALSE,No,,
113,UROBOROS: Instrumenting Stripped Binaries with Static Reassembling.,2016,Shuai Wang 0011 & Pei Wang 0007 & Dinghao Wu,conf/wcre/WangWW16,https://doi.org/10.1109/SANER.2016.106,FALSE,TRUE,TRUE,TRUE,FALSE,FALSE,FALSE,No,,
127,Intruder alert! Optimization models for solving the mobile robot graph-clear problem.,2018,Michael Morin & Margarita P. Castro & Kyle E. C. Booth & Tony T. Tran & Chang Liu 0029 & J. Christopher Beck,journals/constraints/MorinCBTLB18,https://doi.org/10.1007/s10601-018-9288-3,FALSE,TRUE,TRUE,TRUE,FALSE,FALSE,FALSE,No,,
196,Understanding the Limitations of Particle Swarm Algorithm for Dynamic Optimization Tasks: A Survey Towards the Singularity of PSO for Swarm Robotic Applications.,2016,Dada Emmanuel Gbenga & Effirul Ikhwan Ramlan,journals/csur/GbengaR16,https://doi.org/10.1145/2906150,FALSE,TRUE,TRUE,TRUE,FALSE,FALSE,FALSE,No,,
189,Robot algorithms for localization of multiple emission sources.,2011,Kathleen McGill & Stephen Taylor,journals/csur/McgillT11,https://doi.org/10.1145/1922649.1922652,FALSE,TRUE,TRUE,TRUE,FALSE,FALSE,FALSE,No,,
197,Cooperative Heterogeneous Multi-Robot Systems: A Survey.,2019,Yara Rizk & Mariette Awad & Edward W. Tunstel,journals/csur/RizkAT19,https://doi.org/10.1145/3303848,FALSE,TRUE,TRUE,TRUE,FALSE,FALSE,FALSE,No,,
190,Computer Vision and Natural Language Processing: Recent Approaches in Multimedia and Robotics.,2017,Peratham Wiriyathammabhum & Douglas Summers-Stay & Cornelia Fermüller & Yiannis Aloimonos,journals/csur/Wiriyathammabhum17,https://doi.org/10.1145/3009906,FALSE,TRUE,TRUE,TRUE,FALSE,FALSE,FALSE,No,,
194,Autonomous Visual Navigation for Mobile Robots: A Systematic Literature Review.,2020,Yuri D. V. Yasuda & Luiz Eduardo Galvão Martins & Fabio A. M. Cappabianco,journals/csur/YasudaMC20,https://doi.org/10.1145/3368961,FALSE,TRUE,TRUE,TRUE,FALSE,FALSE,FALSE,No,,
210,Testing robot controllers using constraint programming and continuous integration.,2015,Morten Mossige & Arnaud Gotlieb & Hein Meling,journals/infsof/MossigeGM15,https://doi.org/10.1016/j.infsof.2014.09.009,FALSE,TRUE,TRUE,TRUE,FALSE,FALSE,FALSE,No,,
209,Integrating aspects in software architectures: PRISMA applied to robotic tele-operated systems.,2008,Jennifer Pérez & Nour Ali & José A. Carsí & Isidro Ramos & Bárbara Álvarez & Pedro Sánchez & Juan A. Pastor,journals/infsof/PerezACRASP08,https://doi.org/10.1016/j.infsof.2007.08.007,FALSE,FALSE,TRUE,TRUE,FALSE,FALSE,FALSE,No,,
219,Safety for mobile robotic systems: A systematic mapping study from a software engineering perspective.,2019,Darko Bozhinoski & Davide Di Ruscio & Ivano Malavolta & Patrizio Pelliccione & Ivica Crnkovic,journals/jss/BozhinoskiRMPC19,https://doi.org/10.1016/j.jss.2019.02.021,TRUE,TRUE,TRUE,TRUE,TRUE,FALSE,FALSE,No,,
218,Agent-oriented software patterns for rapid and affordable robot programming.,2010,Antonio Chella & Massimo Cossentino & Salvatore Gaglio & Luca Sabatucci & Valeria Seidita,journals/jss/ChellaCGSS10,https://doi.org/10.1016/j.jss.2009.10.035,FALSE,TRUE,TRUE,TRUE,FALSE,FALSE,FALSE,No,,
213,IKAROS: A scalable I/O framework for high-performance computing systems.,2016,Christos Filippidis & Panayiotis Tsanakas & Yiannis Cotronis,journals/jss/FilippidisTC16,https://doi.org/10.1016/j.jss.2016.05.027,FALSE,TRUE,TRUE,TRUE,FALSE,FALSE,FALSE,No,,
214,Resource management for real-time tasks in mobile robotics.,2007,Huan Li 0001 & Krithi Ramamritham & Prashant J. Shenoy & Roderic A. Grupen & John Sweeney,journals/jss/LiRSGS07,https://doi.org/10.1016/j.jss.2006.09.035,FALSE,TRUE,TRUE,TRUE,FALSE,FALSE,FALSE,No,,
211,Semantics-based platform for context-aware and personalized robot interaction in the internet of robotic things.,2019,Christof Mahieu & Femke Ongenae & Femke De Backere & Pieter Bonte & Filip De Turck & Pieter Simoens,journals/jss/MahieuOBBTS19,https://doi.org/10.1016/j.jss.2018.11.022,TRUE,TRUE,TRUE,TRUE,TRUE,FALSE,FALSE,No,,
216,Fault-tolerant flocking for a group of autonomous mobile robots.,2011,Yan Yang & Samia Souissi & Xavier Défago & Makoto Takizawa 0001,journals/jss/YangSDT11,https://doi.org/10.1016/j.jss.2010.08.026,FALSE,TRUE,TRUE,TRUE,FALSE,FALSE,FALSE,No,,
130,Verified simulation for robotics.,2019,Ana Cavalcanti & Augusto Sampaio & Alvaro Miyazawa & Pedro Ribeiro 0002 & Madiel Conserva Filho & André Didier & Wei Li & Jon Timmis,journals/scp/CavalcantiSMRFD19,https://doi.org/10.1016/j.scico.2019.01.004,FALSE,TRUE,TRUE,TRUE,FALSE,FALSE,FALSE,No,,
131,Model-driven processes and tools to design robot-based generative learning objects for computer science education.,2016,Vytautas Stuikys & Renata Burbaite & Kristina Bespalova & Giedrius Ziberkas,journals/scp/StuikysBBZ16,https://doi.org/10.1016/j.scico.2016.03.009,FALSE,TRUE,TRUE,TRUE,FALSE,FALSE,FALSE,No,,
206,Asimov's Laws of Robotics Applied to Software.,2007,Dror G. Feitelson,journals/software/Feitelson07,https://doi.org/10.1109/MS.2007.100,FALSE,TRUE,TRUE,TRUE,FALSE,FALSE,FALSE,No,,
203,Are Robots Taking Our Jobs? A RoboPlatform at a Bank.,2019,Przemyslaw Lewicki & Jacek Tochowicz & Jeroen van Genuchten,journals/software/LewickiTG19,https://doi.org/10.1109/MS.2019.2897337,FALSE,TRUE,TRUE,TRUE,FALSE,FALSE,FALSE,No,,
201,Robotic Testing of Mobile Apps for Truly Black-Box Automation.,2017,Ke Mao & Mark Harman & Yue Jia 0001,journals/software/MaoHJ17,https://doi.org/10.1109/MS.2017.49,FALSE,TRUE,TRUE,TRUE,FALSE,FALSE,FALSE,No,,
207,Deep Learning-Based Mobile Application Isomorphic GUI Identification for Automated Robotic Testing.,2020,Tao Zhang & Ying Liu & Jerry Gao & Li Peng Gao & Jing Cheng,journals/software/ZhangLGGC20,https://doi.org/10.1109/MS.2020.2987044,FALSE,TRUE,TRUE,TRUE,FALSE,FALSE,FALSE,No,,
182,The PROSIT tool: Toward the optimal design of probabilistic soft real-time systems.,2018,Bernardo Villalba Frias & Luigi Palopoli & Luca Abeni & Daniele Fontanelli,journals/spe/FriasPAF18,https://doi.org/10.1002/spe.2604,FALSE,TRUE,TRUE,TRUE,FALSE,FALSE,FALSE,No,,
184,A task-based and resource-aware approach to dynamically generate optimal software architecture for intelligent service robots.,2012,Yu-Sik Park & Hyung-Min Koo & In-Young Ko,journals/spe/ParkKK12,https://doi.org/10.1002/spe.1074,FALSE,TRUE,TRUE,TRUE,FALSE,FALSE,FALSE,No,,
199,ROSE: A Novel Flash Translation Layer for NAND Flash Memory Based on Hybrid Address Translation.,2011,Mong-Ling Chiao & Da-Wei Chang,journals/tc/ChiaoC11,https://doi.org/10.1109/TC.2011.67,FALSE,TRUE,TRUE,TRUE,FALSE,FALSE,FALSE,No,,
200,Robot Coordination for Energy-Balanced Matching and Sequence Dispatch of Robots to Events.,2015,Milan Lukic & Ahmed Barnawi & Ivan Stojmenovic,journals/tc/LukicBS15,https://doi.org/10.1109/TC.2014.2329689,FALSE,TRUE,TRUE,TRUE,FALSE,FALSE,FALSE,No,,
198,Introducing Safety Requirements Traceability Support in Model-Driven Development of Robotic Applications.,2011,Pedro Sánchez & Diego Alonso & Francisca Rosique & Bárbara Álvarez & Juan A. Pastor,journals/tc/SanchezARAP11,https://doi.org/10.1109/TC.2010.149,FALSE,TRUE,TRUE,TRUE,FALSE,FALSE,FALSE,No,,
178,Autonomous mobile robots with lights.,2016,Shantanu Das 0001 & Paola Flocchini & Giuseppe Prencipe & Nicola Santoro & Masafumi Yamashita,journals/tcs/0001FPSY16,https://doi.org/10.1016/j.tcs.2015.09.018,FALSE,TRUE,TRUE,TRUE,FALSE,FALSE,FALSE,No,,
181,Static and expanding grid coverage with ant robots: Complexity results.,2011,Yaniv Altshuler & Alfred M. Bruckstein,journals/tcs/AltshulerB11,https://doi.org/10.1016/j.tcs.2011.05.001,FALSE,FALSE,TRUE,TRUE,FALSE,FALSE,FALSE,No,,
151,Collaborative delivery with energy-constrained mobile robots.,2020,Andreas Bärtschi & Jérémie Chalopin & Shantanu Das 0001 & Yann Disser & Barbara Geissmann & Daniel Graf 0001 & Arnaud Labourel & Matús Mihalák,journals/tcs/BartschiCDDGGLM20,https://doi.org/10.1016/j.tcs.2017.04.018,FALSE,FALSE,TRUE,TRUE,FALSE,FALSE,FALSE,No,,
171,Reconstructing visibility graphs with simple robots.,2012,Davide Bilò & Yann Disser & Matús Mihalák & Subhash Suri & Elias Vicari & Peter Widmayer,journals/tcs/BiloDMSVW12,https://doi.org/10.1016/j.tcs.2012.01.008,FALSE,FALSE,TRUE,TRUE,FALSE,FALSE,FALSE,No,,
144,Arbitrary pattern formation on infinite grid by asynchronous oblivious robots.,2020,Kaustav Bose & Ranendu Adhikary & Manash Kumar Kundu & Buddhadeb Sau,journals/tcs/BoseAKS20,https://doi.org/10.1016/j.tcs.2020.02.016,FALSE,FALSE,TRUE,TRUE,FALSE,FALSE,FALSE,No,,
169,Self-stabilizing robots in highly dynamic environments.,2019,Marjorie Bournat & Ajoy K. Datta & Swan Dubois,journals/tcs/BournatDD19,https://doi.org/10.1016/j.tcs.2018.11.026,FALSE,FALSE,TRUE,TRUE,FALSE,FALSE,FALSE,No,,
143,Optimal Byzantine-resilient convergence in uni-dimensional robot networks.,2010,Zohir Bouzid & Maria Gradinariu Potop-Butucaru & Sébastien Tixeuil,journals/tcs/BouzidPT10,https://doi.org/10.1016/j.tcs.2010.05.006,FALSE,FALSE,TRUE,TRUE,FALSE,FALSE,FALSE,No,,
156,Energy-efficient strategies for building short chains of mobile robots locally.,2013,Philipp Brandes & Bastian Degener & Barbara Kempkes & Friedhelm Meyer auf der Heide,journals/tcs/BrandesDKH13,https://doi.org/10.1016/j.tcs.2012.10.056,FALSE,FALSE,TRUE,TRUE,FALSE,FALSE,FALSE,No,,
145,Gathering Anonymous; Oblivious Robots on a Grid.,2020,Jannik Castenow & Matthias Fischer 0001 & Jonas Harbig & Daniel Jung 0001 & Friedhelm Meyer auf der Heide,journals/tcs/CastenowFHJH20,https://doi.org/10.1016/j.tcs.2020.02.018,FALSE,FALSE,TRUE,TRUE,FALSE,FALSE,FALSE,No,,
147,A note on a quadratic algorithm for the 2-cyclic robotic scheduling problem.,2009,Ada Che & Vladimir Kats & Eugene Levner,journals/tcs/CheKL09,https://doi.org/10.1016/j.tcs.2009.08.002,FALSE,FALSE,TRUE,TRUE,FALSE,FALSE,FALSE,No,,
142,Local spreading algorithms for autonomous robot systems.,2008,Reuven Cohen & David Peleg,journals/tcs/CohenP08,https://doi.org/10.1016/j.tcs.2008.02.007,FALSE,FALSE,TRUE,TRUE,FALSE,FALSE,FALSE,No,,
173,Evacuating two robots from multiple unknown exits in a circle.,2018,Jurek Czyzowicz & Stefan Dobrev & Konstantinos Georgiou & Evangelos Kranakis & Fraser MacQuarrie,journals/tcs/CzyzowiczDGKM18,https://doi.org/10.1016/j.tcs.2016.11.019,FALSE,FALSE,TRUE,TRUE,FALSE,FALSE,FALSE,No,,
157,The Beachcombers' Problem: Walking and searching with mobile robots.,2015,Jurek Czyzowicz & Leszek Gasieniec & Konstantinos Georgiou & Evangelos Kranakis & Fraser MacQuarrie,journals/tcs/CzyzowiczGGKM15,https://doi.org/10.1016/j.tcs.2015.09.011,FALSE,FALSE,TRUE,TRUE,FALSE,FALSE,FALSE,No,,
149,Group search of the plane with faulty robots.,2019,Jurek Czyzowicz & Maxime Godon & Evangelos Kranakis & Arnaud Labourel,journals/tcs/CzyzowiczGKL19,https://doi.org/10.1016/j.tcs.2018.09.029,FALSE,FALSE,TRUE,TRUE,FALSE,FALSE,FALSE,No,,
172,Gathering few fat mobile robots in the plane.,2009,Jurek Czyzowicz & Leszek Gasieniec & Andrzej Pelc,journals/tcs/CzyzowiczGP09,https://doi.org/10.1016/j.tcs.2008.10.005,FALSE,FALSE,TRUE,TRUE,FALSE,FALSE,FALSE,No,,
164,Gathering in the plane of location-aware robots in the presence of spies.,2020,Jurek Czyzowicz & Ryan Killick & Evangelos Kranakis & Danny Krizanc & Oscar Morales Ponce,journals/tcs/CzyzowiczKKKP20,https://doi.org/10.1016/j.tcs.2020.06.034,FALSE,FALSE,TRUE,TRUE,FALSE,FALSE,FALSE,No,,
152,Gathering of robots on anonymous grids and trees without multiplicity detection.,2016,Gianlorenzo D'Angelo & Gabriele Di Stefano & Ralf Klasing & Alfredo Navarra,journals/tcs/DAngeloSKN16,https://doi.org/10.1016/j.tcs.2014.06.045,FALSE,FALSE,TRUE,TRUE,FALSE,FALSE,FALSE,No,,
160,Gathering of robots in a ring with mobile faults.,2019,Shantanu Das 0001 & Riccardo Focardi & Flaminia L. Luccio & Euripides Markou & Marco Squarcina,journals/tcs/DasFLMS19,https://doi.org/10.1016/j.tcs.2018.05.002,FALSE,FALSE,TRUE,TRUE,FALSE,FALSE,FALSE,No,,
163,Non-uniform circle formation algorithm for oblivious mobile robots with convergence toward uniformity.,2008,Xavier Défago & Samia Souissi,journals/tcs/DefagoS08,https://doi.org/10.1016/j.tcs.2008.01.050,FALSE,FALSE,TRUE,TRUE,FALSE,FALSE,FALSE,No,,
166,Optimal probabilistic ring exploration by semi-synchronous oblivious robots.,2013,Stéphane Devismes & Franck Petit & Sébastien Tixeuil,journals/tcs/DevismesPT13,https://doi.org/10.1016/j.tcs.2013.05.031,FALSE,FALSE,TRUE,TRUE,FALSE,FALSE,FALSE,No,,
170,Distributed algorithms for partitioning a swarm of autonomous mobile robots.,2009,Asaf Efrima & David Peleg,journals/tcs/EfrimaP09,https://doi.org/10.1016/j.tcs.2008.04.042,FALSE,FALSE,TRUE,TRUE,FALSE,FALSE,FALSE,No,,
167,"A ""thermodynamic"" approach to multi-robot cooperative localization.",2012,Yotam Elor & Alfred M. Bruckstein,journals/tcs/ElorB12,https://doi.org/10.1016/j.tcs.2012.06.038,FALSE,FALSE,TRUE,TRUE,FALSE,FALSE,FALSE,No,,
179,Two-robot source seeking with point measurements.,2012,Yotam Elor & Alfred M. Bruckstein,journals/tcs/ElorB12a,https://doi.org/10.1016/j.tcs.2012.06.036,FALSE,FALSE,TRUE,TRUE,FALSE,FALSE,FALSE,No,,
180,Robot Cloud gradient climbing with point measurements.,2014,Yotam Elor & Alfred M. Bruckstein,journals/tcs/ElorB14,https://doi.org/10.1016/j.tcs.2014.06.025,FALSE,FALSE,TRUE,TRUE,FALSE,FALSE,FALSE,No,,
154,Remembering without memory: Tree exploration by asynchronous oblivious robots.,2010,Paola Flocchini & David Ilcinkas & Andrzej Pelc & Nicola Santoro,journals/tcs/FlocchiniIPS10,https://doi.org/10.1016/j.tcs.2010.01.007,FALSE,FALSE,TRUE,TRUE,FALSE,FALSE,FALSE,No,,
141,Arbitrary pattern formation by asynchronous; anonymous; oblivious robots.,2008,Paola Flocchini & Giuseppe Prencipe & Nicola Santoro & Peter Widmayer,journals/tcs/FlocchiniPSW08,https://doi.org/10.1016/j.tcs.2008.07.026,FALSE,FALSE,TRUE,TRUE,FALSE,FALSE,FALSE,No,,
159,"The pros and cons of flocking in the long-range ""migration"" of mobile robot swarms.",2010,Fatih Gökçe & Erol Sahin,journals/tcs/GokceS10,https://doi.org/10.1016/j.tcs.2010.03.006,FALSE,FALSE,TRUE,TRUE,FALSE,FALSE,FALSE,No,,
139,Molecular computers for molecular robots as hybrid systems.,2016,Masami Hagiya & Nathanaël Aubert-Kato & Shaoyu Wang & Satoshi Kobayashi,journals/tcs/HagiyaAWK16,https://doi.org/10.1016/j.tcs.2015.11.002,FALSE,FALSE,TRUE,TRUE,FALSE,FALSE,FALSE,No,,
168,Gathering fat mobile robots with slim omnidirectional cameras.,2014,Anthony Honorat & Maria Potop-Butucaru & Sébastien Tixeuil,journals/tcs/HonoratPT14,https://doi.org/10.1016/j.tcs.2014.08.004,FALSE,FALSE,TRUE,TRUE,FALSE,FALSE,FALSE,No,,
155,On time complexity for connectivity-preserving scattering of mobile robots.,2018,Taisuke Izumi & Daichi Kaino & Maria Gradinariu Potop-Butucaru & Sébastien Tixeuil,journals/tcs/IzumiKPT18,https://doi.org/10.1016/j.tcs.2018.04.047,FALSE,FALSE,TRUE,TRUE,FALSE,FALSE,FALSE,No,,
176,Taking advantage of symmetries: Gathering of many asynchronous oblivious robots on a ring.,2010,Ralf Klasing & Adrian Kosowski & Alfredo Navarra,journals/tcs/KlasingKN10,https://doi.org/10.1016/j.tcs.2010.05.020,FALSE,FALSE,TRUE,TRUE,FALSE,FALSE,FALSE,No,,
150,Gathering asynchronous oblivious mobile robots in a ring.,2008,Ralf Klasing & Euripides Markou & Andrzej Pelc,journals/tcs/KlasingMP08,https://doi.org/10.1016/j.tcs.2007.09.032,FALSE,FALSE,TRUE,TRUE,FALSE,FALSE,FALSE,No,,
153,A local strategy for cleaning expanding cellular domains by simple robots.,2015,Rolf Klein & David Kriesel & Elmar Langetepe,journals/tcs/KleinKL15,https://doi.org/10.1016/j.tcs.2015.08.036,FALSE,FALSE,TRUE,TRUE,FALSE,FALSE,FALSE,No,,
175,Fast two-robot disk evacuation with wireless communication.,2020,Ioannis Lamprou & Russell Martin & Sven Schewe,journals/tcs/LamprouMS20,https://doi.org/10.1016/j.tcs.2020.09.019,FALSE,FALSE,TRUE,TRUE,FALSE,FALSE,FALSE,No,,
146,Team assembling problem for asynchronous heterogeneous mobile robots.,2018,Zhiqiang Liu & Yukiko Yamauchi & Shuji Kijima & Masafumi Yamashita,journals/tcs/LiuYKY18,https://doi.org/10.1016/j.tcs.2018.01.009,FALSE,FALSE,TRUE,TRUE,FALSE,FALSE,FALSE,No,,
140,On the self-stabilization of mobile oblivious robots in uniform rings.,2015,Fukuhito Ooshita & Sébastien Tixeuil,journals/tcs/OoshitaT15,https://doi.org/10.1016/j.tcs.2014.12.008,FALSE,FALSE,TRUE,TRUE,FALSE,FALSE,FALSE,No,,
177,Impossibility of gathering by a set of autonomous mobile robots.,2007,Giuseppe Prencipe,journals/tcs/Prencipe07,https://doi.org/10.1016/j.tcs.2007.04.023,FALSE,FALSE,TRUE,TRUE,FALSE,FALSE,FALSE,No,,
162,Autonomous programmable DNA nanorobotic devices using DNAzymes.,2009,John H. Reif & Sudheer Sahu,journals/tcs/ReifS09,https://doi.org/10.1016/j.tcs.2008.12.003,FALSE,FALSE,TRUE,TRUE,FALSE,FALSE,FALSE,No,,
161,A quadratic algorithm for the 2-cyclic robotic scheduling problem.,2009,Pablo Sáez,journals/tcs/Saez09,https://doi.org/10.1016/j.tcs.2008.11.016,FALSE,FALSE,TRUE,TRUE,FALSE,FALSE,FALSE,No,,
148,Of robot ants and elephants: A computational comparison.,2011,Asaf Shiloni & Noa Agmon & Gal A. Kaminka,journals/tcs/ShiloniAK11,https://doi.org/10.1016/j.tcs.2011.06.026,FALSE,FALSE,TRUE,TRUE,FALSE,FALSE,FALSE,No,,
174,Oracle-based flocking of mobile robots in crash-recovery model.,2011,Samia Souissi & Taisuke Izumi & Koichi Wada,journals/tcs/SouissiIW11,https://doi.org/10.1016/j.tcs.2010.11.011,FALSE,FALSE,TRUE,TRUE,FALSE,FALSE,FALSE,No,,
158,The optimal tolerance of uniform observation error for mobile robot convergence.,2012,Kenta Yamamoto & Taisuke Izumi & Yoshiaki Katayama & Nobuhiro Inuzuka & Koichi Wada,journals/tcs/YamamotoIKIW12,https://doi.org/10.1016/j.tcs.2012.04.038,FALSE,FALSE,TRUE,TRUE,FALSE,FALSE,FALSE,No,,
165,Characterizing geometric patterns formable by oblivious anonymous mobile robots.,2010,Masafumi Yamashita & Ichiro Suzuki,journals/tcs/YamashitaS10,https://doi.org/10.1016/j.tcs.2010.01.037,FALSE,FALSE,TRUE,TRUE,FALSE,FALSE,FALSE,No,,
134,PROST: Privacy-Preserving and Truthful Online Double Auction for Spectrum Allocation.,2019,Qian Wang 0002 & Jing Huang & Yanjiao Chen & Cong Wang 0001 & Fu Xiao 0001 & Xiangyang Luo,journals/tifs/WangHCWXL19,https://doi.org/10.1109/TIFS.2018.2850330,FALSE,FALSE,TRUE,TRUE,FALSE,FALSE,FALSE,No,,
138,Toward Robotic Robbery on the Touch Screen.,2016,Abdul Serwadda & Vir V. Phoha & Zibo Wang & Rajesh Kumar & Diksha Shukla,journals/tissec/SerwaddaPWKS16,https://doi.org/10.1145/2898353,FALSE,FALSE,TRUE,TRUE,FALSE,FALSE,FALSE,No,,
221,Controlling a Robotic Fish Via a Natural User Interface for Informal Science Education.,2015,Paul Phamduy & Mauro DeBellis & Maurizio Porfiri,journals/tmm/PhamduyDP15,https://doi.org/10.1109/TMM.2015.2480226,FALSE,FALSE,TRUE,TRUE,FALSE,FALSE,FALSE,No,,
222,Sound-Event Classification Using Robust Texture Features for Robot Hearing.,2017,Jianfeng Ren & Xudong Jiang & Junsong Yuan & Nadia Magnenat-Thalmann,journals/tmm/RenJYM17,https://doi.org/10.1109/TMM.2016.2618218,FALSE,FALSE,TRUE,TRUE,FALSE,FALSE,FALSE,No,,
220,Integrating Image and Textual Information in Human-Robot Interactions for Children With Autism Spectrum Disorder.,2019,Xue Yang 0006 & Mei-Ling Shyu & Han-Qi Yu & Shi-Ming Sun & Nian-Sheng Yin & Wei Chen,journals/tmm/YangSYSYC19,https://doi.org/10.1109/TMM.2018.2865828,FALSE,FALSE,TRUE,TRUE,FALSE,FALSE,FALSE,No,,
188,Finding optimal plans for multiple teams of robots through a mediator: A logic-based approach.,2013,Esra Erdem 0001 & Volkan Patoglu & Zeynep Gozen Saribatur & Peter Schüller & Tansel Uras,journals/tplp/ErdemPSSU13,https://doi.org/10.1017/S1471068413000525,FALSE,FALSE,TRUE,TRUE,FALSE,FALSE,FALSE,No,,
186,Experimenting with robotic intra-logistics domains.,2018,Martin Gebser & Philipp Obermeier & Thomas Otto & Torsten Schaub & Orkunt Sabuncu & Van Nguyen & Tran Cao Son,journals/tplp/GebserOOS18,https://doi.org/10.1017/S1471068418000200,FALSE,FALSE,TRUE,TRUE,FALSE,FALSE,FALSE,No,,
135,Iterative Controller Synthesis for Multirobot System.,2020,Hao Shi & Rui Li & Wanwei Liu & Wei Dong 0006 & Ge Zhou,journals/tr/ShiLLDZ20,https://doi.org/10.1109/TR.2020.2979873,FALSE,FALSE,TRUE,TRUE,FALSE,FALSE,FALSE,No,,
136,A Moment Approach to Positioning Accuracy Reliability Analysis for Industrial Robots.,2020,Jinhui Wu & Dequan Zhang & Jie Liu & Xu Han,journals/tr/WuZLH20,https://doi.org/10.1109/TR.2019.2919540,FALSE,FALSE,TRUE,TRUE,FALSE,FALSE,FALSE,No,,
128,ROSF: Leveraging Information Retrieval and Supervised Learning for Recommending Code Snippets.,2019,He Jiang 0001 & Liming Nie & Zeyi Sun & Zhilei Ren & Weiqiang Kong & Tao Zhang 0001 & Xiapu Luo,journals/tsc/JiangNSRKZL19,https://doi.org/10.1109/TSC.2016.2592909,FALSE,FALSE,TRUE,TRUE,FALSE,FALSE,FALSE,No,,
225,ROS and Rosbridge: roboticists out of the loop.,2012,Christopher Crick & Graylin Jay & Sarah Osentoski & Odest Chadwicke Jenkins,conf/hri/CrickJOJ12,https://doi.org/10.1145/2157689.2157846,FALSE,TRUE,FALSE,FALSE,FALSE,FALSE,FALSE,,NO,
226,A Study on ROS Vulnerabilities and Countermeasure.,2017,Se-Yeon Jeong & I-Ju Choi & Yeong-Jin Kim & Yong-Min Shin & Jeong-Hun Han & Goo-Hong Jung & Kyoung-Gon Kim,conf/hri/JeongCKSHJK17,https://doi.org/10.1145/3029798.3038437,FALSE,TRUE,FALSE,FALSE,FALSE,FALSE,FALSE,,NO,"This is just 2 pages hinting about some security-oriented solutions, no SE for sure."
227,Facial Expression Synthesis on Robots: An ROS Module.,2015,Maryam Moosaei & Cory J. Hayes & Laurel D. Riek,conf/hri/MoosaeiHR15,https://doi.org/10.1145/2701973.2702053,FALSE,TRUE,FALSE,FALSE,FALSE,FALSE,FALSE,,NO,
228,AEROSTABILES: A new approach to HRI researches.,2015,David St-Onge & Nicolas Reeves & Philippe Giguère & Inna Sharf & Gregory Dudek & Ioannis M. Rekleitis & Pierre-Yves Brèches & Patrick Abouzakhm & Philippe Babin,conf/hri/St-OngeRGSDRBAB15,https://doi.org/10.1145/2701973.2702095,TRUE,FALSE,FALSE,FALSE,FALSE,FALSE,FALSE,,NO,
230,Automatic configuration of ROS applications for near-optimal performance.,2016,José Cano & Alejandro Bordallo & Vijay Nagarajan & Subramanian Ramamoorthy & Sethu Vijayakumar,conf/iros/CanoBNRV16,https://doi.org/10.1109/IROS.2016.7759347,FALSE,FALSE,FALSE,FALSE,FALSE,FALSE,FALSE,,YES,
231,Semantically grounded stream reasoning integrated with ROS.,2013,Fredrik Heintz,conf/iros/Heintz13,https://doi.org/10.1109/IROS.2013.6697217,FALSE,TRUE,FALSE,FALSE,FALSE,FALSE,FALSE,,NO,
232,An Extrinsic Dexterity Approach to the IROS 2018 Fan Robotic Challenge.,2018,Jennifer Kwiatkowski & Jean-Philippe Roberge & Nicholas A. Nadeau & Louis L'Ecuyer-Lapierre & Vincent Duchaine,conf/iros/KwiatkowskiRNLD18,https://doi.org/10.1109/IROS.2018.8594224,FALSE,TRUE,FALSE,FALSE,FALSE,FALSE,FALSE,,NO,
233,Application-level security for ROS-based applications.,2016,Bernhard Dieber & Severin Kacianka & Stefan Rass & Peter Schartner,conf/iros/DieberKRS16,https://doi.org/10.1109/IROS.2016.7759659,FALSE,FALSE,FALSE,FALSE,FALSE,FALSE,FALSE,,YES,
235,Implementation of Augmented Teleoperation System Based on Robot Operating System (ROS).,2018,Donghyeon Lee & Young Soo Park,conf/iros/LeeP18,https://doi.org/10.1109/IROS.2018.8594482,FALSE,TRUE,FALSE,FALSE,FALSE,FALSE,FALSE,,NO,
236,ROS Reality: A Virtual Reality Framework Using Consumer-Grade Hardware for ROS-Enabled Robots.,2018,David Whitney & Eric Rosen & Daniel Ullman 0002 & Elizabeth Phillips & Stefanie Tellex,conf/iros/WhitneyRUPT18,https://doi.org/10.1109/IROS.2018.8593513,FALSE,TRUE,FALSE,FALSE,FALSE,FALSE,FALSE,,NO,
237,Generic sensor fusion package for ROS.,2015,Denise Ratasich & Bernhard Frömel & Oliver Höftberger & Radu Grosu,conf/iros/RatasichFHG15,https://doi.org/10.1109/IROS.2015.7353387,FALSE,TRUE,FALSE,FALSE,FALSE,FALSE,FALSE,,NO,
238,Rapid Trajectory optimization Using C-FROST with Illustration on a Cassie-Series Dynamic Walking Biped.,2019,Ayonga Hereid & Omar Harib & Ross Hartley & Yukai Gong & Jessy W. Grizzle,conf/iros/HereidHHGG19,https://doi.org/10.1109/IROS40897.2019.8968056,TRUE,FALSE,FALSE,FALSE,FALSE,FALSE,FALSE,,NO,
239,FROST∗: Fast robot optimization and simulation toolkit.,2017,Ayonga Hereid & Aaron D. Ames,conf/iros/HereidA17,https://doi.org/10.1109/IROS.2017.8202230,FALSE,FALSE,FALSE,FALSE,FALSE,FALSE,FALSE,,NO,
240,Scanning the Internet for ROS: A View of Security in Robotics Research.,2019,Nicholas DeMarinis & Stefanie Tellex & Vasileios P. Kemerlis & George Dimitri Konidaris & Rodrigo Fonseca,conf/icra/DeMarinisTKKF19,https://doi.org/10.1109/ICRA.2019.8794451,FALSE,FALSE,FALSE,FALSE,FALSE,FALSE,FALSE,,YES,
241,An integrated model-based diagnosis and repair architecture for ROS-based robot systems.,2013,Safdar Zaman & Gerald Steinbauer & Johannes Maurer & Peter Lepej & Suzana Uran,conf/icra/ZamanSMLU13,https://doi.org/10.1109/ICRA.2013.6630618,FALSE,FALSE,FALSE,FALSE,FALSE,FALSE,FALSE,,NO,
243,A ROS Gazebo plugin to simulate ARVA sensors.,2020,Jonathan Cacace & Nicola Mimmo & Lorenzo Marconi,conf/icra/CacaceMM20,https://doi.org/10.1109/ICRA40945.2020.9196914,FALSE,TRUE,TRUE,FALSE,FALSE,FALSE,FALSE,,NO,
244,ROS4iOS: Native ROS development on iOS devices.,2014,Ronan Chauvin & François Ferland & Dominic Létourneau & François Michaud,conf/icra/ChauvinFLM14,https://doi.org/10.1109/ICRA.2014.6907138,FALSE,TRUE,FALSE,FALSE,FALSE,FALSE,FALSE,,NO,
245,Brain-Computer Interface Meets ROS: A Robotic Approach to Mentally Drive Telepresence Robots.,2018,Gloria Beraldo & Morris Antonello & Andrea Cimolato & Emanuele Menegatti & Luca Tonin,conf/icra/BeraldoACMT18,https://doi.org/10.1109/ICRA.2018.8460578,FALSE,TRUE,FALSE,FALSE,FALSE,FALSE,FALSE,,NO,
246,ROS2D: Image feature detector using rank order statistics.,2017,Khalid Yousif & Yuichi Taguchi & Srikumar Ramalingam & Alireza Bab-Hadiashar,conf/icra/YousifTRB17,https://doi.org/10.1109/ICRA.2017.7989524,TRUE,FALSE,FALSE,FALSE,FALSE,FALSE,FALSE,,NO,
247,RGMP-ROS: A real-time ROS architecture of hybrid RTOS and GPOS on multi-core processor.,2014,Hongxing Wei & Zhen Huang & Qiang Yu & Miao Liu & Yong Guan & Jindong Tan,conf/icra/WeiHYLGT14,https://doi.org/10.1109/ICRA.2014.6907205,FALSE,TRUE,FALSE,FALSE,FALSE,FALSE,FALSE,,NO,
248,ROS commander (ROSCo): Behavior creation for home robots.,2013,Hai Nguyen & Matei T. Ciocarlie & Kaijen Hsiao & Charles C. Kemp,conf/icra/NguyenCHK13,https://doi.org/10.1109/ICRA.2013.6630616,FALSE,FALSE,FALSE,FALSE,FALSE,FALSE,FALSE,,YES,
249,The Design and Evolution of the eROSI Robot.,2007,Maxwell Walter & Monica Anderson & Ian T. Burt & Nikolaos Papanikolopoulos,conf/icra/WalterABP07,https://doi.org/10.1109/ROBOT.2007.363925,FALSE,TRUE,FALSE,FALSE,FALSE,FALSE,FALSE,,NO,
250,ROSlink: Interfacing legacy systems with ROS.,2013,Fabio Dalla Libera & Hiroshi Ishiguro,conf/icra/LiberaI13,https://doi.org/10.1109/ICRA.2013.6630617,FALSE,FALSE,FALSE,FALSE,FALSE,FALSE,FALSE,,YES,
251,OpenRoACH: A Durable Open-Source Hexapedal Platform with Onboard Robot Operating System (ROS).,2019,Liyu Wang & Yuxiang Yang & Gustavo Correa & Konstantinos Karydis & Ronald S. Fearing,conf/icra/WangYCKF19,https://doi.org/10.1109/ICRA.2019.8794042,FALSE,TRUE,FALSE,FALSE,FALSE,FALSE,FALSE,,NO,
252,Optical Fiber-Based Sensor for Assessing Electric Current in Unmanned Aerial Vehicles with ROS Interface.,2018,Felipe S. Delgado & Marco A. Juca & André L. M. Marcato & Alexandre Bessa dos Santos,conf/icra/DelgadoJMS18,https://doi.org/10.1109/ICRA.2018.8461144,FALSE,FALSE,FALSE,FALSE,FALSE,FALSE,FALSE,,NO,
253,ROS-based online robot programming for remote education and training.,2015,Gustavo A. Casañ & Enric Cervera & Amine Abou Moughlbay & Jaime Alemany & Philippe Martinet,conf/icra/CasanCMAM15,https://doi.org/10.1109/ICRA.2015.7140055,FALSE,FALSE,FALSE,FALSE,FALSE,FALSE,FALSE,,YES,
254,The Affordance Template ROS package for robot task programming.,2015,Stephen Hart & Paul Dinh & Kimberly A. Hambuchen,conf/icra/HartDH15,https://doi.org/10.1109/ICRA.2015.7140073,FALSE,TRUE,FALSE,FALSE,FALSE,FALSE,FALSE,,NO,
255,CartesI/O: A ROS Based Real-Time Capable Cartesian Control Framework.,2019,Arturo Laurenzi & Enrico Mingo Hoffman & Luca Muratore & Nikos G. Tsagarakis,conf/icra/LaurenziHMT19,https://doi.org/10.1109/ICRA.2019.8794464,FALSE,FALSE,FALSE,FALSE,FALSE,FALSE,FALSE,,NO,
256,Powering the world's robots - 10 years of ROS.,2017,Robert D. Merrifield & Anton Deguet & Guang-Zhong Yang,journals/scirobotics/MerrifieldDY17,https://doi.org/10.1126/scirobotics.aar1868,FALSE,TRUE,FALSE,FALSE,FALSE,FALSE,FALSE,,NO,
257,ROSLab: Sharing ROS Code Interactively With Docker and JupyterLab.,2019,Enric Cervera & Angel P. del Pobil,journals/ram/CerveraP19,https://doi.org/10.1109/MRA.2019.2916286,FALSE,FALSE,FALSE,FALSE,FALSE,FALSE,FALSE,,YES,
258,Middleware Interoperability for Robotics: A ROS-YARP Framework.,2016,Miguel Aragão & Plinio Moreno & Alexandre Bernardino,journals/firai/AragaoMB16,https://doi.org/10.3389/frobt.2016.00064,FALSE,FALSE,FALSE,FALSE,FALSE,FALSE,FALSE,,YES,
259,Editorial: Advances in Soft Robotics Based on Outputs From IROS 2018.,2020,Concepción A. Monje & Cecilia Laschi,journals/firai/MonjeL20,https://doi.org/10.3389/frobt.2020.00124,FALSE,TRUE,FALSE,FALSE,FALSE,FALSE,FALSE,,NO,
260,YARP-ROS Inter-Operation in a 2D Navigation Task.,2018,Marco Randazzo & Andrea Ruzzenenti & Lorenzo Natale,journals/firai/RandazzoRN18,https://doi.org/10.3389/frobt.2018.00005,FALSE,FALSE,FALSE,FALSE,FALSE,FALSE,FALSE,,YES,
261,Quantitative and Qualitative Evaluation of ROS-Enabled Local and Global Planners in 2D Static Environments.,2020,Alexandros Filotheou & Emmanouil G. Tsardoulias & Antonis G. Dimitriou & Andreas L. Symeonidis & Loukas Petrou,journals/jirs/FilotheouTDSP20,https://doi.org/10.1007/s10846-019-01086-y,FALSE,TRUE,FALSE,FALSE,FALSE,FALSE,FALSE,,NO,
262,Development and Experimental Tests of a ROS Multi-agent Structure for Autonomous Surface Vehicles.,2018,Giuseppe Conte & David Scaradozzi & Daniele Mannocchi & Paolo Raspa & Luca Panebianco & Laura Screpanti,journals/jirs/ConteSMRPS18,https://doi.org/10.1007/s10846-017-0700-9,FALSE,TRUE,FALSE,FALSE,FALSE,FALSE,FALSE,,NO,
263,Integrating Arduino-Based Educational Mobile Robots in ROS.,2015,André G. Araújo & David Portugal & Micael S. Couceiro & Rui P. Rocha,journals/jirs/AraujoPCR15,https://doi.org/10.1007/s10846-013-0007-4,FALSE,TRUE,FALSE,FALSE,FALSE,FALSE,FALSE,,NO,
265,ROSA: Robust Salient Object Detection against Adversarial Attacks.,2019,Haofeng Li & Guanbin Li & Yizhou Yu,journals/corr/abs-1905-03434,http://arxiv.org/abs/1905.03434,FALSE,TRUE,FALSE,FALSE,FALSE,FALSE,FALSE,,NO,
266,FROST: Faster and more Robust One-shot Semi-supervised Training.,2020,Helena E. Liu & Leslie N. Smith,journals/corr/abs-2011-09471,https://arxiv.org/abs/2011.09471,TRUE,FALSE,FALSE,FALSE,FALSE,FALSE,FALSE,,NO,
267,ROS Navigation Tuning Guide.,2017,Kaiyu Zheng,journals/corr/Zheng17b,http://arxiv.org/abs/1706.09068,FALSE,TRUE,FALSE,FALSE,FALSE,FALSE,FALSE,,NO,
268,Robots that Sync and Swarm: A Proof of Concept in ROS 2.,2019,Agata Gniewek & Michal Barcis & Christian Bettstetter,journals/corr/abs-1903-06440,http://arxiv.org/abs/1903.06440,FALSE,TRUE,FALSE,FALSE,FALSE,FALSE,FALSE,,NO,
269,A ROS-based Software Framework for the NimbRo-OP Humanoid Open Platform.,2018,Philipp Allgeuer & Max Schwarz & Julio Pastrana & Sebastian Schüller & Marcell Missura & Sven Behnke,journals/corr/abs-1809-11051,http://arxiv.org/abs/1809.11051,FALSE,TRUE,FALSE,FALSE,FALSE,FALSE,FALSE,,NO,
270,Real-World Modeling of a Pathfinding Robot Using Robot Operating System (ROS).,2018,Sayyed Jaffar Ali Raza & Nitish A. Gupta & Nisarg Chitaliya & Gita Reese Sukthankar,journals/corr/abs-1802-10138,http://arxiv.org/abs/1802.10138,FALSE,TRUE,FALSE,FALSE,FALSE,FALSE,FALSE,,NO,
271,Resolution of Difficult Pronouns Using the ROSS Method.,2014,Glenn R. Hofford,journals/corr/Hofford14,http://arxiv.org/abs/1411.4109,FALSE,TRUE,FALSE,FALSE,FALSE,FALSE,FALSE,,NO,
272,Motion Generation Interface of ROS to PODO Software Framework for Wheeled Huamanoid Robot.,2020,Moonyoung Lee & Yujin Heo & Saihim Cho & Hyunsub Park & Jun-Ho Oh,journals/corr/abs-2001-00358,http://arxiv.org/abs/2001.00358,FALSE,FALSE,FALSE,FALSE,FALSE,FALSE,FALSE,,YES,
273,ROS Rescue : Fault Tolerance System for Robot Operating System.,2019,Pushyami Kaveti & Hanumant Singh,journals/corr/abs-1910-01078,http://arxiv.org/abs/1910.01078,FALSE,FALSE,FALSE,FALSE,FALSE,FALSE,FALSE,,YES,
274,ROS: Resource-constrained Oracle Synthesis for Quantum Computers.,2019,Giulia Meuli & Mathias Soeken & Martin Roetteler & Giovanni De Micheli,journals/corr/abs-2005-00211,https://doi.org/10.4204/EPTCS.318.8,FALSE,TRUE,FALSE,FALSE,FALSE,FALSE,FALSE,,NO,
275,MengeROS: a Crowd Simulation Tool for Autonomous Robot Navigation.,2018,Anoop Aroor & Susan L. Epstein & Raj Korpan,journals/corr/abs-1801-08823,http://arxiv.org/abs/1801.08823,FALSE,TRUE,FALSE,FALSE,FALSE,FALSE,FALSE,,NO,
276,A ROS2 based communication architecture for control in collaborative and intelligent automation systems.,2019,Endre Erös & Martin Dahl & Kristofer Bengtsson & Atieh Hanna & Petter Falkman,journals/corr/abs-1905-09654,http://arxiv.org/abs/1905.09654,FALSE,FALSE,FALSE,FALSE,FALSE,FALSE,FALSE,,YES,
277,Introduction to ROSS: A New Representational Scheme.,2014,Glenn R. Hofford,journals/corr/Hofford14a,http://arxiv.org/abs/1411.4192,TRUE,FALSE,FALSE,FALSE,FALSE,FALSE,FALSE,,NO,
278,ROS2Learn: a reinforcement learning framework for ROS 2.,2019,Yue Leire Erro Nuin & Nestor Gonzalez Lopez & Elias Barba Moral & Lander Usategui San Juan & Alejandro Solano Rueda & Victor Mayoral Vilches & Risto Kojcev,journals/corr/abs-1903-06282,http://arxiv.org/abs/1903.06282,FALSE,TRUE,FALSE,FALSE,FALSE,FALSE,FALSE,,NO,
279,Plantbot: A New ROS-based Robot Platform for Fast Building and Developing.,2018,Liulong Ma & Yibo Gao & ChuanMing Zhu & Yanjie Liu,journals/corr/abs-1804-02687,http://arxiv.org/abs/1804.02687,FALSE,TRUE,FALSE,FALSE,FALSE,FALSE,FALSE,,NO,
280,A Model-Driven Engineering Approach for ROS using Ontological Semantics.,2016,Stefan Zander & Georg Heppner & Georg Neugschwandtner & Ramez Awad & Marc Essinger & Nadia Ahmed,journals/corr/ZanderHNAEA16,http://arxiv.org/abs/1601.03998,FALSE,FALSE,FALSE,FALSE,FALSE,FALSE,FALSE,,YES,
281,ROS for Human-Robot Interaction.,2020,Youssef Mohamed & Séverin Lemaignan,journals/corr/abs-2012-13944,https://arxiv.org/abs/2012.13944,FALSE,TRUE,FALSE,FALSE,FALSE,FALSE,FALSE,,NO,
282,Can ROS be used securely in industry? Red teaming ROS-Industrial.,2020,Víctor Mayoral Vilches & Martin Pinzger 0001 & Stefan Rass & Bernhard Dieber & Endika Gil-Uriarte,journals/corr/abs-2009-08211,https://arxiv.org/abs/2009.08211,FALSE,TRUE,FALSE,FALSE,FALSE,FALSE,FALSE,,NO,
283,A Short Note on Improved ROSETA.,2017,Hassan Mansour,journals/corr/abs-1710-05961,http://arxiv.org/abs/1710.05961,TRUE,FALSE,FALSE,FALSE,FALSE,FALSE,FALSE,,NO,
284,Brain-Computer Interface meets ROS: A robotic approach to mentally drive telepresence robots.,2017,Gloria Beraldo & Morris Antonello & Andrea Cimolato & Emanuele Menegatti & Luca Tonin,journals/corr/abs-1712-01772,http://arxiv.org/abs/1712.01772,FALSE,TRUE,FALSE,FALSE,FALSE,FALSE,FALSE,,NO,
285,Credential Masquerading and OpenSSL Spy: Exploring ROS 2 using DDS security.,2019,Vincenzo DiLuoffo & William R. Michalson & Berk Sunar,journals/corr/abs-1904-09179,http://arxiv.org/abs/1904.09179,FALSE,TRUE,FALSE,FALSE,FALSE,FALSE,FALSE,,NO,
286,Evaluation of Uncertain Inference Models I: PROSPECTOR,2013,Robert M. Yadrick & Bruce M. Perrin & David S. Vaughan & Peter D. Holden & Karl G. Kempf,journals/corr/abs-1304-3117,http://arxiv.org/abs/1304.3117,TRUE,FALSE,FALSE,FALSE,FALSE,FALSE,FALSE,,NO,
287,A localization approach for autonomous underwater vehicles: A ROS-Gazebo framework.,2018,Frederico C. Vaz & David Portugal & André G. Araújo & Micael S. Couceiro & Rui P. Rocha,journals/corr/abs-1811-05836,http://arxiv.org/abs/1811.05836,FALSE,TRUE,FALSE,FALSE,FALSE,FALSE,FALSE,,NO,
288,PROSE: Perceptual Risk Optimization for Speech Enhancement.,2017,Jishnu Sadasivan & Chandra Sekhar Seelamantula & Nagarjuna Reddy Muraka,journals/corr/abs-1710-03975,http://arxiv.org/abs/1710.03975,TRUE,FALSE,FALSE,FALSE,FALSE,FALSE,FALSE,,NO,
289,OpenRoACH: A Durable Open-Source Hexapedal Platform with Onboard Robot Operating System (ROS).,2019,Liyu Wang & Yuxiang Yang & Gustavo Correa & Konstantinos Karydis & Ronald S. Fearing,journals/corr/abs-1903-00131,http://arxiv.org/abs/1903.00131,FALSE,TRUE,FALSE,FALSE,FALSE,FALSE,FALSE,,NO,
290,Autonomous Intruder Detection Using a ROS-Based Multi-Robot System Equipped with 2D-LiDAR Sensors.,2020,Mashnoon Islam & Touhid Ahmed & Abu Tammam Bin Nuruddin & Mashuda Islam & Shahnewaz Siddique,journals/corr/abs-2011-03838,https://arxiv.org/abs/2011.03838,FALSE,TRUE,FALSE,FALSE,FALSE,FALSE,FALSE,,NO,
291,ROS-Neuro Integration of Deep Convolutional Autoencoders for EEG Signal Compression in Real-time BCIs.,2020,Andrea Valenti & Michele Barsotti & Raffaello Brondi & Davide Bacciu & Luca Ascari,journals/corr/abs-2008-13485,https://arxiv.org/abs/2008.13485,FALSE,TRUE,FALSE,FALSE,FALSE,FALSE,FALSE,,NO,
292,ROSF: Leveraging Information Retrieval and Supervised Learning for Recommending Code Snippets.,2017,He Jiang 0001 & Liming Nie & Zeyi Sun & Zhilei Ren & Weiqiang Kong & Tao Zhang 0001 & Xiapu Luo,journals/corr/JiangNSRKZL17,http://arxiv.org/abs/1703.01446,TRUE,FALSE,FALSE,FALSE,FALSE,FALSE,FALSE,,NO,
293,Prognostic and Health Management (PHM) tool for Robot Operating System (ROS).,2020,Hakan Gencturk & Elcin Erdogan & Mustafa Karaca & Ugur Yayan,journals/corr/abs-2011-09222,https://arxiv.org/abs/2011.09222,FALSE,TRUE,FALSE,FALSE,FALSE,FALSE,FALSE,,NO,
294,CROSSBOW: Scaling Deep Learning with Small Batch Sizes on Multi-GPU Servers.,2019,Alexandros Koliousis & Pijika Watcharapichat & Matthias Weidlich & Luo Mai & Paolo Costa & Peter R. Pietzuch,journals/corr/abs-1901-02244,http://arxiv.org/abs/1901.02244,TRUE,FALSE,FALSE,FALSE,FALSE,FALSE,FALSE,,NO,
295,ROSE: Real One-Stage Effort to Detect the Fingerprint Singular Point Based on Multi-scale Spatial Attention.,2020,Liaojun Pang & Jiong Chen & Fei Guo & Zhicheng Cao & Heng Zhao,journals/corr/abs-2003-03918,https://arxiv.org/abs/2003.03918,TRUE,FALSE,FALSE,FALSE,FALSE,FALSE,FALSE,,NO,
296,ROSETLineBot: One-Wheel-Drive Low-Cost Power Line Inspection Robot Design and Control.,2019,Aydin Tarik Zengin & Gokhan Erdemir & Tahir Cetin Akinci & Fahri Anil Selcuk & Mustafa Nizamettin Erduran & S. Serhat Seker,journals/corr/abs-1911-08173,http://arxiv.org/abs/1911.08173,TRUE,FALSE,FALSE,FALSE,FALSE,FALSE,FALSE,,NO,
297,ROS-Mobile: An Android application for the Robot Operating System.,2020,Nils Rottmann & Nico Studt & Floris Ernst & Elmar Rueckert,journals/corr/abs-2011-02781,https://arxiv.org/abs/2011.02781,FALSE,TRUE,FALSE,FALSE,FALSE,FALSE,FALSE,,NO,
298,Proposal of ROS-compliant FPGA Component for Low-Power Robotic Systems.,2015,Kazushi Yamashina & Takeshi Ohkawa & Kanemitsu Ootsu & Takashi Yokota,journals/corr/YamashinaOOY15,http://arxiv.org/abs/1508.07123,FALSE,TRUE,FALSE,FALSE,FALSE,FALSE,FALSE,,NO,
299,Towards a distributed and real-time framework for robots: Evaluation of ROS 2.0 communications for real-time robotic applications.,2018,Carlos San Vicente Gutiérrez & Lander Usategui San Juan & Irati Zamalloa Ugarte & Victor Mayoral Vilches,journals/corr/abs-1809-02595,http://arxiv.org/abs/1809.02595,FALSE,FALSE,FALSE,FALSE,FALSE,FALSE,FALSE,,NO,
300,Sequence Planner - Automated Planning and Control for ROS2-based Collaborative and Intelligent Automation Systems.,2019,Martin Dahl & Endre Erös & Atieh Hanna & Kristofer Bengtsson & Petter Falkman,journals/corr/abs-1903-05850,http://arxiv.org/abs/1903.05850,FALSE,FALSE,FALSE,FALSE,FALSE,FALSE,FALSE,,YES,
301,IROS 2019 Lifelong Robotic Vision Challenge - Lifelong Object Recognition Report.,2020,Qi She & Fan Feng & Qi Liu & Rosa H. M. Chan & Xinyue Hao & Chuanlin Lan & Qihan Yang & Vincenzo Lomonaco 0001 & German Ignacio Parisi & Heechul Bae & Eoin Brophy & Baoquan Chen & Gabriele Graffieti & Vidit Goel & Hyonyoung Han & Sathursan Kanagarajah & Somesh Kumar & Siew-Kei Lam & Tin Lun Lam & Liang Ma & Davide Maltoni & Lorenzo Pellegrini & Duvindu Piyasena & Shiliang Pu & Debdoot Sheet & Soonyong Song & Youngsung Son & Zhengwei Wang & Tomas E. Ward & Jianwen Wu & Meiqing Wu & Di Xie & Yangsheng Xu & Lin Yang & Qiaoyong Zhong & Liguang Zhou,journals/corr/abs-2004-14774,https://arxiv.org/abs/2004.14774,FALSE,TRUE,FALSE,FALSE,FALSE,FALSE,FALSE,,NO,
302,pROST : A Smoothed Lp-norm Robust Online Subspace Tracking Method for Realtime Background Subtraction in Video,2013,Florian Seidel & Clemens Hage & Martin Kleinsteuber,journals/corr/abs-1302-2073,http://arxiv.org/abs/1302.2073,TRUE,FALSE,FALSE,FALSE,FALSE,FALSE,FALSE,,NO,
303,ROSA: R Optimizations with Static Analysis.,2017,Rathijit Sen & Jianqiao Zhu & Jignesh M. Patel & Somesh Jha,journals/corr/SenZPJ17,http://arxiv.org/abs/1704.02996,TRUE,FALSE,FALSE,FALSE,FALSE,FALSE,FALSE,,NO,
304,Pound: A ROS node for Reducing Delay and Jitter in Wireless Multi-Robot Networks.,2017,Danilo Tardioli & Ramviyas Parasuraman & Petter Ögren,journals/corr/TardioliPO17,http://arxiv.org/abs/1707.07540,FALSE,TRUE,FALSE,FALSE,FALSE,FALSE,FALSE,,NO,
305,The CROSS Incubator: A Case Study for funding and training RSEs.,2020,Stephanie Lieggi & Ivo Jimenez & Jeff LeFevre & Carlos Maltzahn,journals/corr/abs-2012-01144,https://arxiv.org/abs/2012.01144,TRUE,FALSE,FALSE,FALSE,FALSE,FALSE,FALSE,,NO,
306,Intelligent Hotel ROS-based Service Robot.,2020,Yanyu Zhang & Xiu Wang & Xuan Wu & Wenjing Zhang & Meiqian Jiang & Mahmood Al-Khassaweneh,journals/corr/abs-2009-00594,https://arxiv.org/abs/2009.00594,FALSE,TRUE,FALSE,FALSE,FALSE,FALSE,FALSE,,NO,
307,Efficient Searching and Retrieval of Documents in PROSA,2007,Vincenzo Nicosia & Giuseppe Mangioni & Vincenza Carchiolo & Michele Malgeri,journals/corr/abs-cs-0702126,http://arxiv.org/abs/cs/0702126,TRUE,FALSE,FALSE,FALSE,FALSE,FALSE,FALSE,,NO,
308,Mobile Delivery Robots: Mixed Reality-Based Simulation Relying on ROS and Unity 3D.,2020,Yuzhou Liu & Georg Novotny & Nikita Smirnov & Walter Morales-Alvarez & Cristina Olaverri-Monreal,journals/corr/abs-2006-09002,https://arxiv.org/abs/2006.09002,FALSE,TRUE,FALSE,FALSE,FALSE,FALSE,FALSE,,NO,
309,An ROS-based Shared Communication Middleware for Plug & Play Modular Intelligent Design of Smart Systems.,2017,Tathagata Chakraborti & Siddharth Srivastava & Alessandro Pinto & Subbarao Kambhampati,journals/corr/ChakrabortiSPK17,http://arxiv.org/abs/1706.01133,FALSE,FALSE,FALSE,FALSE,FALSE,FALSE,FALSE,,YES,
310,ROSbag-based Multimodal Affective Dataset for Emotional and Cognitive States.,2020,Wonse Jo & Shyam Sundar Kannan & Go-Eum Cha & Ahreum Lee & Byung-Cheol Min,journals/corr/abs-2006-05102,https://arxiv.org/abs/2006.05102,FALSE,TRUE,FALSE,FALSE,FALSE,FALSE,FALSE,,NO,
311,A ROS-based Framework for Monitoring Human and Robot Conditions in a Human-Multi-robot Team.,2020,Wonse Jo & Shyam Sundar Kannan & Go-Eum Cha & Ahreum Lee & Byung-Cheol Min,journals/corr/abs-2006-03784,https://arxiv.org/abs/2006.03784,FALSE,TRUE,FALSE,FALSE,FALSE,FALSE,FALSE,,NO,
313,Towards Automatic Migration of ROS Components from Software to Hardware.,2014,Anders Blaabjerg Lange & Ulrik Pagh Schultz & Anders Stengaard Sørensen,journals/corr/LangeSS14,http://arxiv.org/abs/1407.7560,FALSE,FALSE,FALSE,FALSE,FALSE,FALSE,FALSE,,YES,
314,SOTER on ROS: A Run-Time Assurance Framework on the Robot Operating System.,2020,Sumukh Shivakumar & Hazem Torfah & Ankush Desai & Sanjit A. Seshia,journals/corr/abs-2008-09707,https://arxiv.org/abs/2008.09707,FALSE,FALSE,FALSE,FALSE,FALSE,FALSE,FALSE,,YES,
315,A ROS multi-ontology references services: OWL reasoners and application prototyping issues.,2017,Luca Buoncompagni & Alessio Capitanelli & Fulvio Mastrogiovanni,journals/corr/BuoncompagniCM17,http://arxiv.org/abs/1706.10151,FALSE,TRUE,FALSE,FALSE,FALSE,FALSE,FALSE,,NO,
316,Integrating Soft Robotics with ROS - A hybrid pick and place arm.,2017,Ross M. McKenzie & Thomas W. Barraclough & Adam A. Stokes,journals/corr/McKenzieBS17,http://arxiv.org/abs/1702.00694,FALSE,TRUE,FALSE,FALSE,FALSE,FALSE,FALSE,,NO,
317,ROSY: An elegant language to teach the pure reactive nature of robot programming.,2019,Hugo Pacheco 0001 & Nuno Macedo,journals/corr/abs-1911-03262,http://arxiv.org/abs/1911.03262,TRUE,FALSE,FALSE,FALSE,FALSE,FALSE,FALSE,,NO,
318,Robot_gym: accelerated robot training through simulation in the cloud with ROS and Gazebo.,2018,Victor Mayoral Vilches & Alejandro Hernández Cordero & Asier Bilbao Calvo & Irati Zamalloa Ugarte & Risto Kojcev,journals/corr/abs-1808-10369,http://arxiv.org/abs/1808.10369,FALSE,FALSE,FALSE,FALSE,FALSE,FALSE,FALSE,,YES,
319,ROSIE: Runtime Optimization of SPARQL Queries Using Incremental Evaluation.,2016,Lei Gai & Wei Chen 0021 & Tengjiao Wang 0003,journals/corr/GaiCW16,http://arxiv.org/abs/1605.06865,TRUE,FALSE,FALSE,FALSE,FALSE,FALSE,FALSE,,NO,
320,TabulaROSA: Tabular Operating System Architecture for Massively Parallel Heterogeneous Compute Engines.,2018,Jeremy Kepner & Ron Brightwell & Alan Edelman & Vijay Gadepally & Hayden Jananthan & Michael Jones 0001 & Sam Madden & Peter Michaleas & Hamed Okhravi & Kevin T. Pedretti & Albert Reuther & Thomas L. Sterling & Mike Stonebraker,journals/corr/abs-1807-05308,http://arxiv.org/abs/1807.05308,TRUE,FALSE,FALSE,FALSE,FALSE,FALSE,FALSE,,NO,
321,ChoiRbot: A ROS 2 Toolbox for Cooperative Robotics.,2020,Andrea Testa & Andrea Camisa & Giuseppe Notarstefano,journals/corr/abs-2010-13431,https://arxiv.org/abs/2010.13431,FALSE,TRUE,FALSE,FALSE,FALSE,FALSE,FALSE,,NO,
322,Closed loop interactions between spiking neural network and robotic simulators based on MUSIC and ROS.,2016,Philipp Weidel & Mikael Djurfeldt & Renato Carlos Farinha Duarte & Abigail Morrison,journals/corr/WeidelDDM16,http://arxiv.org/abs/1604.04764,FALSE,TRUE,FALSE,FALSE,FALSE,FALSE,FALSE,,NO,
323,Rapid Bipedal Gait Design Using C-FROST with Illustration on a Cassie-series Robot.,2018,Ayonga Hereid & Omar Harib & Ross Hartley & Yukai Gong & Jessy W. Grizzle,journals/corr/abs-1807-06614,http://arxiv.org/abs/1807.06614,TRUE,FALSE,FALSE,FALSE,FALSE,FALSE,FALSE,,NO,
324,ROSoClingo: A ROS package for ASP-based robot control.,2013,Benjamin Andres & Philipp Obermeier & Orkunt Sabuncu & Torsten Schaub & David Rajaratnam,journals/corr/AndresOSSR13,http://arxiv.org/abs/1307.7398,FALSE,TRUE,FALSE,FALSE,FALSE,FALSE,FALSE,,NO,
325,Security and Performance Considerations in ROS 2: A Balancing Act.,2018,Jongkil Kim & Jonathon M. Smereka & Calvin Cheung & Surya Nepal & Marthie Grobler,journals/corr/abs-1809-09566,http://arxiv.org/abs/1809.09566,FALSE,TRUE,FALSE,FALSE,FALSE,FALSE,FALSE,,NO,
326,Utilizing ROS 1 and the Turtlebot3 in a Multi-Robot System.,2020,Corey Williams & Adam Schroeder,journals/corr/abs-2011-10488,https://arxiv.org/abs/2011.10488,FALSE,TRUE,FALSE,FALSE,FALSE,FALSE,FALSE,,NO,
327,ROSA: Robust sparse adaptive channel estimation in the presence of impulsive noises.,2015,Guan Gui & Li Xu 0004 & Nobuhiro Shimoi,journals/corr/GuiXS15,http://arxiv.org/abs/1503.01105,TRUE,FALSE,FALSE,FALSE,FALSE,FALSE,FALSE,,NO,
328,ROS Based Visual Programming Tool for Mobile Robot Education and Applications.,2020,Mustafa Karaca & Ugur Yayan,journals/corr/abs-2011-13706,https://arxiv.org/abs/2011.13706,FALSE,FALSE,FALSE,FALSE,FALSE,FALSE,FALSE,,YES,
329,ROSE: A Retinal OCT-Angiography Vessel Segmentation Dataset and New Model.,2020,Yuhui Ma & Huaying Hao & Huazhu Fu & Jiong Zhang & Jianlong Yang & Jiang Liu 0001 & Yalin Zheng & Yitian Zhao,journals/corr/abs-2007-05201,https://arxiv.org/abs/2007.05201,TRUE,FALSE,FALSE,FALSE,FALSE,FALSE,FALSE,,NO,
330,ROS and Buzz: consensus-based behaviors for heterogeneous teams.,2017,David St-Onge & Vivek Shankar Varadharajan & Guannan Li & Ivan Svogor & Giovanni Beltrame,journals/corr/abs-1710-08843,http://arxiv.org/abs/1710.08843,FALSE,FALSE,FALSE,FALSE,FALSE,FALSE,FALSE,,YES,
331,Extending the OpenAI Gym for robotics: a toolkit for reinforcement learning using ROS and Gazebo.,2016,Iker Zamora & Nestor Gonzalez Lopez & Victor Mayoral Vilches & Alejandro Hernández Cordero,journals/corr/ZamoraLVC16,http://arxiv.org/abs/1608.05742,FALSE,TRUE,FALSE,FALSE,FALSE,FALSE,FALSE,,NO,
332,ira_laser_tools: a ROS LaserScan manipulation toolbox.,2014,Augusto Luis Ballardini & Simone Fontana & Axel Furlan & Domenico G. Sorrenti,journals/corr/BallardiniFFS14,http://arxiv.org/abs/1411.1086,FALSE,TRUE,FALSE,FALSE,FALSE,FALSE,FALSE,,NO,
333,ROSA Analyser: An automatized approach to analyse processes of ROSA,2012,Raúl Pardo & Fernando L. Pelayo,journals/corr/abs-1207-2736,https://doi.org/10.4204/EPTCS.86.4,TRUE,FALSE,FALSE,FALSE,FALSE,FALSE,FALSE,,NO,
334,Towards Live Programming in ROS with PhaROS and LRP.,2014,Pablo Estefo & Miguel Campusano & Luc Fabresse & Johan Fabry & Jannik Laval & Noury Bouraqadi,journals/corr/EstefoCFFLB14,http://arxiv.org/abs/1412.4629,FALSE,FALSE,FALSE,FALSE,FALSE,FALSE,FALSE,,YES,
335,CROSS-MBCR: Exact Minimum Bandwith Coordinated Regenerating Codes,2012,Steve Jiekak & Nicolas Le Scouarnec,journals/corr/abs-1207-0854,http://arxiv.org/abs/1207.0854,TRUE,FALSE,FALSE,FALSE,FALSE,FALSE,FALSE,,NO,
336,robROSE: A robust approach for dealing with imbalanced data in fraud detection.,2020,Bart Baesens & Sebastiaan Höppner & Irene Ortner & Tim Verdonck,journals/corr/abs-2003-11915,https://arxiv.org/abs/2003.11915,TRUE,FALSE,FALSE,FALSE,FALSE,FALSE,FALSE,,NO,
337,"CROSSLINE: Breaking ""Security-by-Crash"" based Memory Isolation in AMD SEV.",2020,Mengyuan Li & Yinqian Zhang & Zhiqiang Lin,journals/corr/abs-2008-00146,https://arxiv.org/abs/2008.00146,TRUE,FALSE,FALSE,FALSE,FALSE,FALSE,FALSE,,NO,
338,iviz: A ROS Visualization App for Mobile Devices.,2020,Antonio Zea 0001 & Uwe D. Hanebeck,journals/corr/abs-2008-12725,https://arxiv.org/abs/2008.12725,FALSE,TRUE,FALSE,FALSE,FALSE,FALSE,FALSE,,NO,
339,ROS open-source audio recognizer: ROAR environmental sound detection tools for robot programming.,2013,Joseph M. Romano & Jordan Brindza & Katherine J. Kuchenbecker,journals/arobots/RomanoBK13,https://doi.org/10.1007/s10514-013-9323-6,FALSE,FALSE,FALSE,FALSE,FALSE,FALSE,FALSE,,NO,
340,A direct visual servoing-based framework for the 2016 IROS Autonomous Drone Racing Challenge.,2018,Sunggoo Jung & Sungwook Cho & Dasol Lee & Hanseob Lee & David Hyunchul Shim,journals/jfr/JungCLLS18,https://doi.org/10.1002/rob.21743,FALSE,FALSE,FALSE,FALSE,FALSE,FALSE,FALSE,,NO,
341,Hello robot can you come here?: using ROS4iOS to provide remote perceptual capabilities for visual location; speech and speaker recognition.,2014,François Ferland & Ronan Chauvin & Dominic Létourneau & François Michaud,conf/hri/FerlandCLM14,https://doi.org/10.1145/2559636.2559639,FALSE,FALSE,FALSE,FALSE,TRUE,FALSE,FALSE,,NO,
342,ROS and Rosbridge: roboticists out of the loop.,2012,Christopher Crick & Graylin Jay & Sarah Osentoski & Odest Chadwicke Jenkins,conf/hri/CrickJOJ12,https://doi.org/10.1145/2157689.2157846,FALSE,FALSE,FALSE,FALSE,TRUE,FALSE,FALSE,,NO,
344,Facial Expression Synthesis on Robots: An ROS Module.,2015,Maryam Moosaei & Cory J. Hayes & Laurel D. Riek,conf/hri/MoosaeiHR15,https://doi.org/10.1145/2701973.2702053,FALSE,FALSE,FALSE,TRUE,TRUE,FALSE,FALSE,,NO,
345,AEROSTABILES: A new approach to HRI researches.,2015,David St-Onge & Nicolas Reeves & Philippe Giguère & Inna Sharf & Gregory Dudek & Ioannis M. Rekleitis & Pierre-Yves Brèches & Patrick Abouzakhm & Philippe Babin,conf/hri/St-OngeRGSDRBAB15,https://doi.org/10.1145/2701973.2702095,FALSE,FALSE,FALSE,TRUE,FALSE,FALSE,FALSE,,NO,
346,Tether tracking and control of ROSA robotic rover.,2008,Jamshed Iqbal & Seppo Heikkilä & Aarne Halme,conf/icarcv/IqbalHH08,https://doi.org/10.1109/ICARCV.2008.4795601,FALSE,FALSE,FALSE,TRUE,FALSE,FALSE,FALSE,,NO,
347,Comparing Robot Grasping Teleoperation Across Desktop and Virtual Reality with ROS Reality.,2017,David Whitney & Eric Rosen & Elizabeth Phillips & George Dimitri Konidaris & Stefanie Tellex,conf/isrr/WhitneyRPKT17,https://doi.org/10.1007/978-3-030-28619-4_28,FALSE,FALSE,FALSE,TRUE,FALSE,FALSE,FALSE,,NO,
349,A ROS framework for the extrinsic calibration of intelligent vehicles: A multi-sensor; multi-modal approach.,2020,Miguel Oliveira & Afonso Castro & Tiago Madeira & Eurico F. Pedrosa & Paulo Dias & Vítor M. F. Santos,journals/ras/OliveiraCMPDS20,https://doi.org/10.1016/j.robot.2020.103558,FALSE,FALSE,FALSE,TRUE,TRUE,FALSE,FALSE,,NO,
350,iCab Use Case for ROS-based Architecture.,2019,Pablo Marín-Plaza & Ahmed Hussein & David Martín 0001 & Arturo de la Escalera,journals/ras/Marin-PlazaHME19,https://doi.org/10.1016/j.robot.2019.04.008,FALSE,FALSE,FALSE,TRUE,TRUE,FALSE,FALSE,,NO,
351,Pound: A multi-master ROS node for reducing delay and jitter in wireless multi-robot networks.,2019,Danilo Tardioli & Ramviyas Parasuraman & Petter Ögren,journals/ras/TardioliPO19,https://doi.org/10.1016/j.robot.2018.10.009,FALSE,FALSE,FALSE,TRUE,TRUE,FALSE,FALSE,,NO,
353,Development and Experimental Tests of a ROS Multi-agent Structure for Autonomous Surface Vehicles.,2018,Giuseppe Conte & David Scaradozzi & Daniele Mannocchi & Paolo Raspa & Luca Panebianco & Laura Screpanti,journals/jirs/ConteSMRPS18,https://doi.org/10.1007/s10846-017-0700-9,TRUE,TRUE,TRUE,TRUE,TRUE,FALSE,FALSE,,NO,
354,Integrating Arduino-Based Educational Mobile Robots in ROS.,2015,André G. Araújo & David Portugal & Micael S. Couceiro & Rui P. Rocha,journals/jirs/AraujoPCR15,https://doi.org/10.1007/s10846-013-0007-4,FALSE,FALSE,FALSE,FALSE,TRUE,FALSE,FALSE,,NO,
355,ROS open-source audio recognizer: ROAR environmental sound detection tools for robot programming.,2013,Joseph M. Romano & Jordan Brindza & Katherine J. Kuchenbecker,journals/arobots/RomanoBK13,https://doi.org/10.1007/s10514-013-9323-6,FALSE,FALSE,FALSE,FALSE,TRUE,FALSE,FALSE,,NO,
356,A direct visual servoing-based framework for the 2016 IROS Autonomous Drone Racing Challenge.,2018,Sunggoo Jung & Sungwook Cho & Dasol Lee & Hanseob Lee & David Hyunchul Shim,journals/jfr/JungCLLS18,https://doi.org/10.1002/rob.21743,FALSE,FALSE,FALSE,FALSE,FALSE,FALSE,FALSE,,NO,